subject,label,comment,type,subClassOf
http://www4.wiwiss.fu-berlin.de/bizer/bsbm/v01/instances/ProductType10,"sheeny","pastured priors ballades tormented towpaths transfused yahweh admonishments insertions afterwards nontemporally scrawlier luxes aphorise tediousness biogeochemistry plutocratic conjurer transnational achoo rehandling bended befogged obstreperously exhaled musks",http://www4.wiwiss.fu-berlin.de/bizer/bsbm/v01/vocabulary/ProductType,http://www4.wiwiss.fu-berlin.de/bizer/bsbm/v01/instances/ProductType2
http://www4.wiwiss.fu-berlin.de/bizer/bsbm/v01/instances/ProductType11,"playacted","squeegeed disappointed gabbled misunderstand deriving obituaries eulogist saboteur sward maintops preterit auricled reddened befuddles sidelights reexchanged soothingly conscripts tigrish broguery distributing unconventionalized kvetches fomentation habituation elmy obeisances birdied pseudonymous cabby copulae easels checker exchequers remodifies spatulate upload ceramist kakis infuriation upholsterer plumberies incipiencies",http://www4.wiwiss.fu-berlin.de/bizer/bsbm/v01/vocabulary/ProductType,http://www4.wiwiss.fu-berlin.de/bizer/bsbm/v01/instances/ProductType2
http://www4.wiwiss.fu-berlin.de/bizer/bsbm/v01/instances/ProductType12,"linguini repossession energize","superintendence egger sandworms dicotyledonous soliloquizing notcher teraphim meanders marines incandescence contortion pillaring cabmen scholium ensnarer tokyoites chichi conches disheartens tailcoats antecedently whitecomb forewing",http://www4.wiwiss.fu-berlin.de/bizer/bsbm/v01/vocabulary/ProductType,http://www4.wiwiss.fu-berlin.de/bizer/bsbm/v01/instances/ProductType2
http://www4.wiwiss.fu-berlin.de/bizer/bsbm/v01/instances/ProductType13,"chaplets unharmful frizettes","wiseliest disunites storables helices eves aims drawler patchiest remigrated indicatives parleys wracking pignorated baboons bassist caramelize definer workup antinucleons chuckfull doozies seismographers stomaching relished wariest botulisms heartsick resided laminates uncouthness ballpoint tabour lipids unsolved chaffier radixes opportunism groins hearthstone gypsied monomials petrographers tints oyes veraciously unshapely",http://www4.wiwiss.fu-berlin.de/bizer/bsbm/v01/vocabulary/ProductType,http://www4.wiwiss.fu-berlin.de/bizer/bsbm/v01/instances/ProductType2
http://www4.wiwiss.fu-berlin.de/bizer/bsbm/v01/instances/ProductType14,"dyspeptics indubitably","congruous values tampers pudgier hypothermic tinkered slouches hamstring clef raper deserves tidbits vinculum shopkeeper impresses cannonry discourses outgrowing rebutters haymaker allegorists inkles restorativeness unexcelled quintan vivification ensorceled preclusively respondencies imaginable nabob seductresses chaunters perlites spinally masterpieces credibleness biogeography kisses pepperer gruesomeness intercourse teleport charmed parsers flimsily",http://www4.wiwiss.fu-berlin.de/bizer/bsbm/v01/vocabulary/ProductType,http://www4.wiwiss.fu-berlin.de/bizer/bsbm/v01/instances/ProductType2
http://www4.wiwiss.fu-berlin.de/bizer/bsbm/v01/instances/ProductType15,"redrafted tarting","kyat angler sabotages placarded saliently meandered effulgences terminators gendarmerie iguana titteringly laking copepods reactivate hazarded liveliness viscoid incarcerator distress declinable bacchants nontechnical remortgaged prettification bloater criticized teenybopper unhorses viniest swizzler annotatively babu gausses nonaddicting rued immovably mesomorphic",http://www4.wiwiss.fu-berlin.de/bizer/bsbm/v01/vocabulary/ProductType,http://www4.wiwiss.fu-berlin.de/bizer/bsbm/v01/instances/ProductType2
http://www4.wiwiss.fu-berlin.de/bizer/bsbm/v01/instances/ProductType16,"engulfing","underfeed wrynecks inconsistency persuadably incinerator etiolated remend transportal millrun solarizes tarp prinks propitiates vegetarianism gars sanctifies toppled polkas nooning servicers whirred clingier outpoured echidnas desolates seismometer",http://www4.wiwiss.fu-berlin.de/bizer/bsbm/v01/vocabulary/ProductType,http://www4.wiwiss.fu-berlin.de/bizer/bsbm/v01/instances/ProductType3
http://www4.wiwiss.fu-berlin.de/bizer/bsbm/v01/instances/ProductType17,"daftly volute outvoted","desperadoes easiest peery jughead lepton gamins rebated enthusing bullocks beheading extinguishes mudslinging surefire glands disinter savouriest stakeout desegregation pruners ocurred condones annoying retractors wharfed helipads saucers cassaba burundians quitclaiming conns rotting transpolar silkier romanticization misreporting reproof excoriates medics",http://www4.wiwiss.fu-berlin.de/bizer/bsbm/v01/vocabulary/ProductType,http://www4.wiwiss.fu-berlin.de/bizer/bsbm/v01/instances/ProductType3
http://www4.wiwiss.fu-berlin.de/bizer/bsbm/v01/instances/ProductType18,"reglued renovators","reindexed wannest moonlights rattler maracas imposed coronach frizzling dunghill falteringly indigently canes confuters nervily boycotts sheepman supporting soundtrack crudities fumes barred antlers secretor pragmatical igniting cavitation preparer maturating inebriates diluvial",http://www4.wiwiss.fu-berlin.de/bizer/bsbm/v01/vocabulary/ProductType,http://www4.wiwiss.fu-berlin.de/bizer/bsbm/v01/instances/ProductType3
http://www4.wiwiss.fu-berlin.de/bizer/bsbm/v01/instances/ProductType19,"onefold outproduces decalcomania","mouldiest sulfurized accommodator shrewdly rugging grumbled celebrators thereout paraphrases interjectional preshaped rationalizes lagoons fossate pinworms egomaniac throating toothaches scrubs tentatively toweling inputted chickpeas unlivable noncomplying knucks aerobes warpers location emulating hangings enfolder seascapes armourer expunging compressors",http://www4.wiwiss.fu-berlin.de/bizer/bsbm/v01/vocabulary/ProductType,http://www4.wiwiss.fu-berlin.de/bizer/bsbm/v01/instances/ProductType3
http://www4.wiwiss.fu-berlin.de/bizer/bsbm/v01/instances/ProductType20,"umbellate","insurrectional bucking accommodations floors degaussing sisterhoods primogeniture stover contumelies fifteens atrociously flagellated microradiographically copes plexiglass fowled disincorporated braises mildly incompetencies virucide overembellishes perfectos dignities perdurability pryers overplaying monistic contraindicated trovers impulsed nulled stumper mackerels plentifully bullfight simpers toasting distributors",http://www4.wiwiss.fu-berlin.de/bizer/bsbm/v01/vocabulary/ProductType,http://www4.wiwiss.fu-berlin.de/bizer/bsbm/v01/instances/ProductType3
http://www4.wiwiss.fu-berlin.de/bizer/bsbm/v01/instances/ProductType21,"mannas","frustration tubbiness wordstar consults reoccurrences commensurations grinning oles idealities harborers overdiversifying virginally schussed assessors superintendents mowing chapmen cains unmuzzle surtaxed brio managemental thermograph robustly subcommissions quando rani intermix astringents hognoses jailors braver",http://www4.wiwiss.fu-berlin.de/bizer/bsbm/v01/vocabulary/ProductType,http://www4.wiwiss.fu-berlin.de/bizer/bsbm/v01/instances/ProductType3
http://www4.wiwiss.fu-berlin.de/bizer/bsbm/v01/instances/ProductType22,"melanized pants soilages","saliently uninvited flinging vigilance vulnerability reneger hatters decrial domestically torc billeters mesalliances disturbances fabricators groschen aerometer guiltless threatens ivies alumin advertently magicking undiscriminating dilapidator milfoils",http://www4.wiwiss.fu-berlin.de/bizer/bsbm/v01/vocabulary/ProductType,http://www4.wiwiss.fu-berlin.de/bizer/bsbm/v01/instances/ProductType3
http://www4.wiwiss.fu-berlin.de/bizer/bsbm/v01/instances/ProductType23,"feeblemindedness arrhythmical rectangles","fido dancer moderates orogenic storerooms pithed condenser flammably backsaw goggles idolatries anacondas hounds mothering ensky rapider toroids quadriplegia likers mullioning sheaves grimmer redistills loaning kaliphs hawker",http://www4.wiwiss.fu-berlin.de/bizer/bsbm/v01/vocabulary/ProductType,http://www4.wiwiss.fu-berlin.de/bizer/bsbm/v01/instances/ProductType3
http://www4.wiwiss.fu-berlin.de/bizer/bsbm/v01/instances/ProductType24,"valorizes stammels reinduce","progressional journalism backspaced crevasse disfunction deepening gestalts hammerlock tazzas ofttimes overestimated profounds prefabbed gypsied cerebric laserjet broncs foretokens smoker reerects anticipated somewhen feathering gargoyles excellency dehumanize misarranges justifier ponchos percolators moaning annexion",http://www4.wiwiss.fu-berlin.de/bizer/bsbm/v01/vocabulary/ProductType,http://www4.wiwiss.fu-berlin.de/bizer/bsbm/v01/instances/ProductType4
http://www4.wiwiss.fu-berlin.de/bizer/bsbm/v01/instances/ProductType25,"balancing antiradicals","pokeys resorts comping christianize gears ranges cobs roscoes derogatoriness arguer polyandries susurrations sputterer arrestment meninges arming nabobisms conventicle hybridizer coffered caracol handpicking flatter uncurling climatically remora scuppering marketings carotin palatably zeroing smells smeariest capful",http://www4.wiwiss.fu-berlin.de/bizer/bsbm/v01/vocabulary/ProductType,http://www4.wiwiss.fu-berlin.de/bizer/bsbm/v01/instances/ProductType4
http://www4.wiwiss.fu-berlin.de/bizer/bsbm/v01/instances/ProductType26,"heroics biracialism","microvolt subtopic factiously propmistress triangulated everted pistolling canzona disapprovals linnet cribbages gravies rubbernecked bleachers buffeted vasodilation hussy vacillated determinedly italicize alacrities abscise tamperer mamboing disemboweling protectionist hacked hyperbolically droppings irritancies graceless kabob oblongly curares tinsmiths kingliness splosh",http://www4.wiwiss.fu-berlin.de/bizer/bsbm/v01/vocabulary/ProductType,http://www4.wiwiss.fu-berlin.de/bizer/bsbm/v01/instances/ProductType4
http://www4.wiwiss.fu-berlin.de/bizer/bsbm/v01/instances/ProductType27,"courtrooms skyjacked daphnias","backslider apprenticing baa slumbered tinhorn grubworms purchasers statisticians improvidently albanians manginess entomb elopements adviser gundog lambaste ultrasonics livings copped undraping cavorter freeloader beetroots antiheroes",http://www4.wiwiss.fu-berlin.de/bizer/bsbm/v01/vocabulary/ProductType,http://www4.wiwiss.fu-berlin.de/bizer/bsbm/v01/instances/ProductType4
http://www4.wiwiss.fu-berlin.de/bizer/bsbm/v01/instances/ProductType28,"dichotomously","quietude sheathers huaraches beholden coagulator prosthetics ecclesiastically obsessed vitalities batwomen resorted donation puritans slummy oversells untractable oinking pussyfooted insensitivity egomanias megalithic hiccups reinducted greeting largely fender rubbles unquote unalarming anthropologies",http://www4.wiwiss.fu-berlin.de/bizer/bsbm/v01/vocabulary/ProductType,http://www4.wiwiss.fu-berlin.de/bizer/bsbm/v01/instances/ProductType4
http://www4.wiwiss.fu-berlin.de/bizer/bsbm/v01/instances/ProductType29,"abhorrences","strobilization accommodation terrestrially mollycoddling dehumanizing steppingstone orchestrally tenuousness yardsticks unneedful calamaries supplants endlessly impregnated heroize navvies studbook analogousness barometric coheirs elongations walking nonelectrically sirrees churchy petroleous coverlets unfamiliarly desensitizes useless autostradas infinitesimally gluttonies conjoins scabbily capitalizer collapses",http://www4.wiwiss.fu-berlin.de/bizer/bsbm/v01/vocabulary/ProductType,http://www4.wiwiss.fu-berlin.de/bizer/bsbm/v01/instances/ProductType4
http://www4.wiwiss.fu-berlin.de/bizer/bsbm/v01/instances/ProductType30,"overambitiously asphyxiates","netter backs reboils ablated whorls calumniations layering blurters dismortgaging commands expropriations vignetting trimly replicates autocracies synovial bullocks typifiers reinfect playwears auriform paupers mannered masers smoothly computer radioman",http://www4.wiwiss.fu-berlin.de/bizer/bsbm/v01/vocabulary/ProductType,http://www4.wiwiss.fu-berlin.de/bizer/bsbm/v01/instances/ProductType4
http://www4.wiwiss.fu-berlin.de/bizer/bsbm/v01/instances/ProductType31,"bounds kirigami dogsbodies","hailed carefully civilization arrived fixative agedly glottologies pushily dognaps piscine alights sudsed deviated entryways periodontics olios civics intergalactic abrogations interviewees aimlessness ambivalently synovias sakis staffed pufferies outfielder punner huller idler yokelish semicircle despatch",http://www4.wiwiss.fu-berlin.de/bizer/bsbm/v01/vocabulary/ProductType,http://www4.wiwiss.fu-berlin.de/bizer/bsbm/v01/instances/ProductType4
http://www4.wiwiss.fu-berlin.de/bizer/bsbm/v01/instances/ProductType32,"pouffs sadisms obduction","females rubbings obtainers roofings thoughtfully punier handsbreadth adamantine glamorously medals overstretches malthus miscarriage ladened spermatozoa seasonally evanishes satisfactoriness prompted rescued",http://www4.wiwiss.fu-berlin.de/bizer/bsbm/v01/vocabulary/ProductType,http://www4.wiwiss.fu-berlin.de/bizer/bsbm/v01/instances/ProductType5
http://www4.wiwiss.fu-berlin.de/bizer/bsbm/v01/instances/ProductType33,"surfaces ambled wifehoods","wallets wayless demimondaine moonward conformism lathy aerators metacarpal intravaginal interfaces dazzled delicto preexposing nutritionists wriest futuristic busings uneven depleted puritans nonresistant frankensteins manhattans reunifies crumbling sanding vouchering modeler shintoism washwomen pakistanis fineable misnumbered subdivide unimproved ascribed pecker abashed illogics tributaries bruin disjoints loyaler libs coleslaw",http://www4.wiwiss.fu-berlin.de/bizer/bsbm/v01/vocabulary/ProductType,http://www4.wiwiss.fu-berlin.de/bizer/bsbm/v01/instances/ProductType5
http://www4.wiwiss.fu-berlin.de/bizer/bsbm/v01/instances/ProductType34,"provisionally tolerative memorialize","elegizing reconvening brazened forcedly titillation bldg riprap nonaddictive endozoic noctambulation tempters miseries topper performances idahoan zebras enrolled flatted unbounded piastre anthropomorphisms stirs accusativeness clotheslines urbanisms grackles fishmeal bedevilling retouchable congas phaseal englishwoman thiamines strikers biddably hoarsening abbess gossips",http://www4.wiwiss.fu-berlin.de/bizer/bsbm/v01/vocabulary/ProductType,http://www4.wiwiss.fu-berlin.de/bizer/bsbm/v01/instances/ProductType5
http://www4.wiwiss.fu-berlin.de/bizer/bsbm/v01/instances/ProductType35,"hellenist","underspent doorplates massacred unclean sidearms useless scrawled egged pussyfooted spoonies plaudits pipits parimutuels writes dickered triadic quicksets gruntingly chancing sparkers comedones levelness heteroerotic reinvited indicatively mendings allegiance sulkily bod kneelers galvanizer keeling imbricate coziness gjetost saddening funning prescore cauls mollifiers barbarize unearth telephonist implores",http://www4.wiwiss.fu-berlin.de/bizer/bsbm/v01/vocabulary/ProductType,http://www4.wiwiss.fu-berlin.de/bizer/bsbm/v01/instances/ProductType5
http://www4.wiwiss.fu-berlin.de/bizer/bsbm/v01/instances/ProductType36,"fumaroles puled beatification","misbestow whiskered unmerciful folderols occludes diddling diligence invaders gophers bedtimes tisane antiabortion detains traditionalize simpered galvanometers reeducates blinder frauleins nonfat bushes",http://www4.wiwiss.fu-berlin.de/bizer/bsbm/v01/vocabulary/ProductType,http://www4.wiwiss.fu-berlin.de/bizer/bsbm/v01/instances/ProductType5
http://www4.wiwiss.fu-berlin.de/bizer/bsbm/v01/instances/ProductType37,"globs tops memorability","kibosh implemented trounces forewarning scrutinize macroscopical decoupage endorsees nestlers mismarked mirthfully chaws kvetch superficiality cowering galloot cars sagacities attenuated implications",http://www4.wiwiss.fu-berlin.de/bizer/bsbm/v01/vocabulary/ProductType,http://www4.wiwiss.fu-berlin.de/bizer/bsbm/v01/instances/ProductType5
http://www4.wiwiss.fu-berlin.de/bizer/bsbm/v01/instances/ProductType38,"valerian obeah","currycombing underarms semipro reptiles corrosives opprobriated irritability kennelling mahonia satanophobia primevally easier paddling damagers tutting sculker splenectomy wardenship galoots advertised cordoned slumped enshrouded gilders grunters armlet syncopates filterer shingling terminators minter gigabits odorless embolisms flightier recriminating",http://www4.wiwiss.fu-berlin.de/bizer/bsbm/v01/vocabulary/ProductType,http://www4.wiwiss.fu-berlin.de/bizer/bsbm/v01/instances/ProductType5
http://www4.wiwiss.fu-berlin.de/bizer/bsbm/v01/instances/ProductType39,"encumbering underparts heedfully","quadroons magistracies patrilinies yodler extorts majestical gobbled painfuller berhymed homophone tantalization oversleeps defusing pessimists crossbones realizing victimizations quadruplications sentimentalists ransomers measled",http://www4.wiwiss.fu-berlin.de/bizer/bsbm/v01/vocabulary/ProductType,http://www4.wiwiss.fu-berlin.de/bizer/bsbm/v01/instances/ProductType5
http://www4.wiwiss.fu-berlin.de/bizer/bsbm/v01/instances/ProductType1,"Thing","The Product Type of all Products",http://www4.wiwiss.fu-berlin.de/bizer/bsbm/v01/vocabulary/ProductType,
http://www4.wiwiss.fu-berlin.de/bizer/bsbm/v01/instances/ProductType2,"amour dupable","lengthened galling outposts emulatively looming deplanes stinters forehanded interdisciplinary manoeuvred frankers pederasty heralds disrupts fishnet falsifiable absorbable appreciators undefinable draftable revindicates flashlamp insertion expurgations tarsier",http://www4.wiwiss.fu-berlin.de/bizer/bsbm/v01/vocabulary/ProductType,http://www4.wiwiss.fu-berlin.de/bizer/bsbm/v01/instances/ProductType1
http://www4.wiwiss.fu-berlin.de/bizer/bsbm/v01/instances/ProductType3,"microprocessor mops reigned","antecedently nonyielding cocaines milligrams dimorphic shamming clawed hurts enchains jukeboxes mottoes brahminist embrocated quatrefoil harmonize guardants prayerfully adios restring coursing fisticuffs cordlessly augured fumigated academies splotches auctioning timeliness flushest ranching speedily gets nonsymbolic pyorrhea rales headpieces ladrons tightwire playtimes etherizes mistaught screechier casehardening placaters saurian summarization counterfeits skipping",http://www4.wiwiss.fu-berlin.de/bizer/bsbm/v01/vocabulary/ProductType,http://www4.wiwiss.fu-berlin.de/bizer/bsbm/v01/instances/ProductType1
http://www4.wiwiss.fu-berlin.de/bizer/bsbm/v01/instances/ProductType4,"practiced","swarmed adjuratory fondled shiksas pourboire chortled distinctiveness fostered unchastened dehumanizes bulleted wieldy reaccession roentgenoscope minorcas nimbly birdhouses outclasses hazels traumatologies glaucomatous sabotages hexone porkier duplicating internee thermodynamically whereinsoever satirizing postformed fatigueless feasance remove unseats sheers stenographers unperceiving shipworms coshers prelim hispaniola impeaches rafting squelchy probationers countless bluejay decontaminator encipherments wading",http://www4.wiwiss.fu-berlin.de/bizer/bsbm/v01/vocabulary/ProductType,http://www4.wiwiss.fu-berlin.de/bizer/bsbm/v01/instances/ProductType1
http://www4.wiwiss.fu-berlin.de/bizer/bsbm/v01/instances/ProductType100,"meaningfulness refulgence","pronunciations houris expediter subways maenad mammalians vugg dearths selfed ricracs larvicide torpedoes rabidness oubliette indorser disorganize credentialed acidheads doorknobs hollower coupons lory introspective immunotherapies bouzoukis resistent remap republishing prioress craves infrangible reappearing haziest ranking sorels smoothest changelings miffing wassails avianize indigestibility grizzles carbines greathearted flaking",http://www4.wiwiss.fu-berlin.de/bizer/bsbm/v01/vocabulary/ProductType,http://www4.wiwiss.fu-berlin.de/bizer/bsbm/v01/instances/ProductType30
http://www4.wiwiss.fu-berlin.de/bizer/bsbm/v01/instances/ProductType5,"arteriography","hollowness unhealed cityward parring wishing pyromaniacs marbly pions boughed innervate gung inverts demoted comprehended stollen unadjudicated septuagenarians chaptered vocalists bennies unstably moppet cogging ethnics billhooks frenching squeamishly tyres weaseling chancroids pandered amirates relented",http://www4.wiwiss.fu-berlin.de/bizer/bsbm/v01/vocabulary/ProductType,http://www4.wiwiss.fu-berlin.de/bizer/bsbm/v01/instances/ProductType1
http://www4.wiwiss.fu-berlin.de/bizer/bsbm/v01/instances/ProductType101,"sharpies amazing","osculates westwardly nonrelational secundogeniture preset cobnut coracle coynesses undenied modeller chimp jabber midwifed virginities forestay maiming reticula marshals outgoings chauvinism moonlights jackknifes ghostliest snacks halloa manumits djinny unpoetically skydived provence abstricts lapping contending placation insolubilities footed wanders exceptionally spiked bewildered gamelan inhibitors brooding handsbreadth inconspicuously dysenteries ignorantness",http://www4.wiwiss.fu-berlin.de/bizer/bsbm/v01/vocabulary/ProductType,http://www4.wiwiss.fu-berlin.de/bizer/bsbm/v01/instances/ProductType30
http://www4.wiwiss.fu-berlin.de/bizer/bsbm/v01/instances/ProductType6,"huffiest tougheners interfering","shucker claviers haggles chorusses nonagons logrolls mathematically intradermal echoed grassier helmeted bristles gonging smidgen flunker atonements bestializes briefness vulgo discounter marooning sheaving neutralizations attains reconsiders glaceed lavers notified malevolently compensations lycanthropies rebroadcasting obliviously sunup arrestee tireless gayer interlinear backlogged encephala chronologist helplessly",http://www4.wiwiss.fu-berlin.de/bizer/bsbm/v01/vocabulary/ProductType,http://www4.wiwiss.fu-berlin.de/bizer/bsbm/v01/instances/ProductType1
http://www4.wiwiss.fu-berlin.de/bizer/bsbm/v01/instances/ProductType102,"factotum","crocket pronunciamentos purchasers aeroliths belatedly levuloses menstruous tutorials ceded develope infundibular montessori inspires sleepings clubbiest coxwain ionicity chenilles copulative weakfish dp threads reengaging nonautomatic peon polychromatic transepts santonins submissively reshaping unweighted bedded fiftieths overruled platies jolted gallied woodruffs unshaken misbestowing redecorated utilizations interpose bacons fissility falconers generalizing recompilation",http://www4.wiwiss.fu-berlin.de/bizer/bsbm/v01/vocabulary/ProductType,http://www4.wiwiss.fu-berlin.de/bizer/bsbm/v01/instances/ProductType31
http://www4.wiwiss.fu-berlin.de/bizer/bsbm/v01/instances/ProductType7,"papuans womaned","teenaged lesbianism unplanted luminously ladyships optimisms protagonists topknots refracts fraternized maoist decimalization steppingstones greens manpowers chipper cognized eggheads abyssinian purblindness chattiest shutters churl nictating reconciliation distrustfulness solstitial rapidity bronzers gadded calicoes sandals geophysicists twaddler mystifier deploring panache",http://www4.wiwiss.fu-berlin.de/bizer/bsbm/v01/vocabulary/ProductType,http://www4.wiwiss.fu-berlin.de/bizer/bsbm/v01/instances/ProductType1
http://www4.wiwiss.fu-berlin.de/bizer/bsbm/v01/instances/ProductType103,"decompensates antidepressant undisputed","erythromycin incompetents aeons allergen explications tranquilizer circumstantiate improvises shrinking trigamist bowdlerize cherubically gigged opprobriums deicidal setlines heels coronae subprincipals realizers",http://www4.wiwiss.fu-berlin.de/bizer/bsbm/v01/vocabulary/ProductType,http://www4.wiwiss.fu-berlin.de/bizer/bsbm/v01/instances/ProductType31
http://www4.wiwiss.fu-berlin.de/bizer/bsbm/v01/instances/ProductType8,"unsalaried","crossbars avowedly misguiders trisection duodecimals unhandy lasher clawing annexed incubated unplanted fictionalizes sashed moderner neonatology taloned nominative intramural lounges pissoirs parasiticidal hewers stroker antitoxin fesses virtues carinae summarizes abutters beknighted strutters prepares minimizers remodeled anarchists spiders sensualists lulled bocci seismometer nickered",http://www4.wiwiss.fu-berlin.de/bizer/bsbm/v01/vocabulary/ProductType,http://www4.wiwiss.fu-berlin.de/bizer/bsbm/v01/instances/ProductType2
http://www4.wiwiss.fu-berlin.de/bizer/bsbm/v01/instances/ProductType104,"girthed airmails kanas","herbs lappets ghettoizing asphaltum radioing lingeries orreries titillative unsoothed docking bargainer pastellists stoppled unkinder baksheeshes limiest profaners geologers aortic bullhorns refrangibilities epistlers receptions deaconries embalms gastropod photographing draftable subspace grandaunt purist whiners subatomic strangulations steamboats colonially accepter primevally purgatives pees bibbery lianas fringing wealthiest holdups",http://www4.wiwiss.fu-berlin.de/bizer/bsbm/v01/vocabulary/ProductType,http://www4.wiwiss.fu-berlin.de/bizer/bsbm/v01/instances/ProductType32
http://www4.wiwiss.fu-berlin.de/bizer/bsbm/v01/instances/ProductType9,"weapons zeals","redeposit stepping aidmen baccarats rearms invasiveness foemen inkstand aircrew bravadoes necking enlivenment discolorations pillaging dispossessed pocketknives upsweeps monosyllables slitted secularized visualizer rescheduled graters sheepish airframes ninepin virulence ramshackle packthreads batiste",http://www4.wiwiss.fu-berlin.de/bizer/bsbm/v01/vocabulary/ProductType,http://www4.wiwiss.fu-berlin.de/bizer/bsbm/v01/instances/ProductType2
http://www4.wiwiss.fu-berlin.de/bizer/bsbm/v01/instances/ProductType105,"tetherball plena sieurs","emissaries dwarfed seasonable cultures raved chemosensitive desugaring antiprohibition maguey flams yowed serially meltons transportal precleans comps cheesier attestator undiscerning cognizers intra leadworks integrating hitches recollection felicitation logicizing plopping",http://www4.wiwiss.fu-berlin.de/bizer/bsbm/v01/vocabulary/ProductType,http://www4.wiwiss.fu-berlin.de/bizer/bsbm/v01/instances/ProductType32
http://www4.wiwiss.fu-berlin.de/bizer/bsbm/v01/instances/ProductType106,"obviating griefs","monomaniacs beckoner starters archbishopric patchiness replenished despatching imper cygnet gouges debauchee follies fifing tomographic insemination slubs lobbers kiter linage potentiometric nougat abducts underhanded shuddering unresponsive slaker rented dognaper touchups reconnect homologies revenued spermatocide liquefies aureus leans peplum remediless curvedly reawakenings tomcat inlets",http://www4.wiwiss.fu-berlin.de/bizer/bsbm/v01/vocabulary/ProductType,http://www4.wiwiss.fu-berlin.de/bizer/bsbm/v01/instances/ProductType33
http://www4.wiwiss.fu-berlin.de/bizer/bsbm/v01/instances/ProductType107,"devolutive priceless picadors","substantiations busheler spectrums blockers fidelis bootery bedlams playlet yummies lugged univ wholes crystals workmaster matutinally obliteration calumniator burlaps impenitence sicklier emblematical gonorrhea housecoats hymnals flourished abused",http://www4.wiwiss.fu-berlin.de/bizer/bsbm/v01/vocabulary/ProductType,http://www4.wiwiss.fu-berlin.de/bizer/bsbm/v01/instances/ProductType33
http://www4.wiwiss.fu-berlin.de/bizer/bsbm/v01/instances/ProductType40,"farmhouses","hemorrhaging liver adhesions huskiest profeminists feudalists packman urushiol unexcusably synclines apoplectically vends blowtorches offices logotypies pipings antisepticize outlies oceanauts defeatist melanites canaling drear unreconciled sweetness calamities slating leathering counterfeiters",http://www4.wiwiss.fu-berlin.de/bizer/bsbm/v01/vocabulary/ProductType,http://www4.wiwiss.fu-berlin.de/bizer/bsbm/v01/instances/ProductType6
http://www4.wiwiss.fu-berlin.de/bizer/bsbm/v01/instances/ProductType108,"senselessly bitterly","mensas engulf indecencies thrashed hounds saccharinely cardamoms pusillanimous repriced humongous opuses puddlers alimenting coalescence eyeballs divagates engrossing animadverted devest margins corolla unacknowledged hagriding vitiators expediential harvests rafters fuddle airbrushes assures derails impaction diviners anilins",http://www4.wiwiss.fu-berlin.de/bizer/bsbm/v01/vocabulary/ProductType,http://www4.wiwiss.fu-berlin.de/bizer/bsbm/v01/instances/ProductType34
http://www4.wiwiss.fu-berlin.de/bizer/bsbm/v01/instances/ProductType41,"shutterbug jarsful cadgy","fours chatter tramlines pastiest floweret reconcilers bypassed eradicators lobbers marriages endocrinologists seedsmen maximizers unequalled unsparingness syphon jeopardies arguses zombiisms reportages pawnee gravitates casqued meccas banjoes eddying fattening casuistic outclass aggressiveness wordiest resuscitative",http://www4.wiwiss.fu-berlin.de/bizer/bsbm/v01/vocabulary/ProductType,http://www4.wiwiss.fu-berlin.de/bizer/bsbm/v01/instances/ProductType6
http://www4.wiwiss.fu-berlin.de/bizer/bsbm/v01/instances/ProductType109,"perceptively patricides","aeriest smokers nazifies harkened record lovers shahdom dissuasively weaves shakers thaws disparagement concertize lour compatibilities underplays hispanics chromosomic fiscally archaeological tippet recast maligning parachutists rainwater rumours casque tusche cycloidal equator anticlimactic repeatable",http://www4.wiwiss.fu-berlin.de/bizer/bsbm/v01/vocabulary/ProductType,http://www4.wiwiss.fu-berlin.de/bizer/bsbm/v01/instances/ProductType34
http://www4.wiwiss.fu-berlin.de/bizer/bsbm/v01/instances/ProductType42,"veinule endured","curseder daringly licensers breathlessly crofters cloturing disbarment swainish exaggeration laster moldy bloated twiddled decreases cornrows pragmatists wester dustbins daylit waitings relinquishing provides compartmentally debutantes overviolent adjudicated leadworks oddities corrected rubberizes overexcited reloaded pureed interventionist telescoped egads rasing coaxers twiddler overgarment periodontics cryolite teawares bands resurveys chinking admixes triunes barmier rabbis",http://www4.wiwiss.fu-berlin.de/bizer/bsbm/v01/vocabulary/ProductType,http://www4.wiwiss.fu-berlin.de/bizer/bsbm/v01/instances/ProductType6
http://www4.wiwiss.fu-berlin.de/bizer/bsbm/v01/instances/ProductType43,"preserved","bespatter filtration antitoxin grooved penances seining cochairing supplanter outnumbered bottoms affiancing ravishment prevalently uncorking entertainer raser musicianly wrongfulness splaying homonymies copepods antidepressants milfoils lethally spined prosecutable deferrers percussionist nerved activists rebaters tautening overanalyzed cognizer spondee mongrel",http://www4.wiwiss.fu-berlin.de/bizer/bsbm/v01/vocabulary/ProductType,http://www4.wiwiss.fu-berlin.de/bizer/bsbm/v01/instances/ProductType6
http://www4.wiwiss.fu-berlin.de/bizer/bsbm/v01/instances/ProductType44,"campstools foursomes owls","diphtherian residency handiness bedraggles transsexuals pusillanimously winnings ochers floored underpaid outcastes administratively calculous abolitionism cooee porting rotationally lits paradisiacally profiters vomitous exhibiter calorimeters parlaying papooses footpaths tweezing importuned glucosic bookkeeper nevermore capons",http://www4.wiwiss.fu-berlin.de/bizer/bsbm/v01/vocabulary/ProductType,http://www4.wiwiss.fu-berlin.de/bizer/bsbm/v01/instances/ProductType6
http://www4.wiwiss.fu-berlin.de/bizer/bsbm/v01/instances/ProductType45,"raps bruted","stentor posthaste commissioned kalifate ejects carsickness bittering thespians unincumbered dynes disservice deflation magnetos decreases demerits recalling hockshops grumped accusatrix overstocks extortion politicoes haver literalness tureen assaults recuperated overgraze wilding",http://www4.wiwiss.fu-berlin.de/bizer/bsbm/v01/vocabulary/ProductType,http://www4.wiwiss.fu-berlin.de/bizer/bsbm/v01/instances/ProductType6
http://www4.wiwiss.fu-berlin.de/bizer/bsbm/v01/instances/ProductType46,"harshened imploringly yapped","brevities prefixed threated disoriented foghorn chartists thymy cerebrates thickset domiciling kalium pericardial bladed challises commixt tutankhamen chondrite laddies commutation phallic henbits nepotists catacombs voiceprint cosmonaut mimer drillmasters doffs daimon riggings dislodges undergraduate frizzling pancreases abhorrence scampish swabbie jailbird attacher collocated leader loosing unprovoked orangeries toning lacing",http://www4.wiwiss.fu-berlin.de/bizer/bsbm/v01/vocabulary/ProductType,http://www4.wiwiss.fu-berlin.de/bizer/bsbm/v01/instances/ProductType6
http://www4.wiwiss.fu-berlin.de/bizer/bsbm/v01/instances/ProductType47,"approbating","sculpted euphenics decentring kittenishly ophthalmological backspaces connectors specifics affaires unsubstantial lexically romaines pleats catfishes cytologies orneriness gaugers jeopardized daring corrects overinterest racism towable bailies dreck defines chittering nibbles subprincipal morns inarticulateness cribwork almanacs vapourers shticks underhandedness",http://www4.wiwiss.fu-berlin.de/bizer/bsbm/v01/vocabulary/ProductType,http://www4.wiwiss.fu-berlin.de/bizer/bsbm/v01/instances/ProductType6
http://www4.wiwiss.fu-berlin.de/bizer/bsbm/v01/instances/ProductType48,"deregulations","expiratory hippodromes triunes minarets reverbs yodelers archings entertains townish postulated disenfranchised loveably pulling exhausted unamortized disgusts burring brocket nosings litten sequestrable dayroom fetted relapse calypsoes intenseness lavishly trets semicomatose decontaminate yammering amphitheaters reformating violoncellos kneehole dioritic appestats conjuncts stoppled coact jurywomen progressed kymograph",http://www4.wiwiss.fu-berlin.de/bizer/bsbm/v01/vocabulary/ProductType,http://www4.wiwiss.fu-berlin.de/bizer/bsbm/v01/instances/ProductType7
http://www4.wiwiss.fu-berlin.de/bizer/bsbm/v01/instances/ProductType49,"chicks minty","foots hebraists bickerer meaningfully stigmatizes enzymes minify yardmaster flusters underseas vacuums abbesses opposing murderess impulsing treadles pettifogged hawthorns brahmin gurgled electrosurgeries prizefights ambushed",http://www4.wiwiss.fu-berlin.de/bizer/bsbm/v01/vocabulary/ProductType,http://www4.wiwiss.fu-berlin.de/bizer/bsbm/v01/instances/ProductType7
http://www4.wiwiss.fu-berlin.de/bizer/bsbm/v01/instances/ProductType110,"luridly","orogeny misstatements aurum traipsing glim pumpernickel tercentennial defamation beefless ladlers federating sizing hesitancy dognap essences eroding tetrarchs logrolling bulletproofed stuffiest nonvocal zippier enate sticks snuffles coldish thermodynamics minxish muddier",http://www4.wiwiss.fu-berlin.de/bizer/bsbm/v01/vocabulary/ProductType,http://www4.wiwiss.fu-berlin.de/bizer/bsbm/v01/instances/ProductType35
http://www4.wiwiss.fu-berlin.de/bizer/bsbm/v01/instances/ProductType111,"innocenter paperboys","cashbox preventiveness acoin twelvemo lapsing protectorates lachrymation genuses impartibly neats spellbinding discombobulates shimmying trimarans antiquely bashers typebars markup suitcases overdesirous regnant enquired ruttier redfin basifies horridness fragrantly accomplis smuggest weaves playthings misdo overrefinement chasubles finis redbug dicks zombiisms eulogise merinos noneducational antienvironmentalism baloney puzzling burrowing inconceivabilities strangled",http://www4.wiwiss.fu-berlin.de/bizer/bsbm/v01/vocabulary/ProductType,http://www4.wiwiss.fu-berlin.de/bizer/bsbm/v01/instances/ProductType35
http://www4.wiwiss.fu-berlin.de/bizer/bsbm/v01/instances/ProductType112,"markups manuevered","solidarities noisome structured kilowatts thankless nitpicking microanalytical funerals foamers dogcatchers strapped vesicant helms obsoleting deprived whimsically nebbishes nonchalantly tangling anesthesiologist mattering earshots overstrict endues avatar puler yamen dabblers bulks welkins gerrymandering terminates terminating risus expostulation demarcation twangs notes meatiest pending horological archbishopric fabaceous unrighteous peacemaking",http://www4.wiwiss.fu-berlin.de/bizer/bsbm/v01/vocabulary/ProductType,http://www4.wiwiss.fu-berlin.de/bizer/bsbm/v01/instances/ProductType36
http://www4.wiwiss.fu-berlin.de/bizer/bsbm/v01/instances/ProductType113,"munches hardener","deceiver incontrovertibly communicators corpulency centring masseurs moorier purgatorial retrievers dysenteric envoys jestings orchardman unauthenticated implacably flashlamps automatize centenaries tantalizes armigers rulable storefront dimities unweaves blabbing shrieked",http://www4.wiwiss.fu-berlin.de/bizer/bsbm/v01/vocabulary/ProductType,http://www4.wiwiss.fu-berlin.de/bizer/bsbm/v01/instances/ProductType36
http://www4.wiwiss.fu-berlin.de/bizer/bsbm/v01/instances/ProductType114,"alpinism","teleview messily dummied biorythmic mechanoreceptive folding undissolved supplicated photocomposes compacting sarge disassimilating solfege stretchier nonreactive porringer remarriage waviest archdiocesan fourteenths assaulters uptime contemns expertly cathouse boozers infiltrating unrule parented sealable batsmen crooks",http://www4.wiwiss.fu-berlin.de/bizer/bsbm/v01/vocabulary/ProductType,http://www4.wiwiss.fu-berlin.de/bizer/bsbm/v01/instances/ProductType37
http://www4.wiwiss.fu-berlin.de/bizer/bsbm/v01/instances/ProductType115,"situational","pallbearers uncross generalists nonpermeable shoat splotches grazable adversities clings flanker vacantly reintegrate shallower nonsubmissiveness ambidextrousness defoliated rejoicers seascape tensions persimmons intellectualizes conclusions wormish hahnium commercialism entree cabers legitimizes velum suitors savorous tethering hunted atherosclerotic monaurally vestries watermarks undraping dude pawers smarmy behooving settees monarchical spices",http://www4.wiwiss.fu-berlin.de/bizer/bsbm/v01/vocabulary/ProductType,http://www4.wiwiss.fu-berlin.de/bizer/bsbm/v01/instances/ProductType37
http://www4.wiwiss.fu-berlin.de/bizer/bsbm/v01/instances/ProductType116,"ivied","truanted shimmeringly burrowers applicants calibration whittles viragoes designee notes biologically supernovas asexually racketiest refrigerated burlesqued outselling loverly totters unfurling striper skuas clouting cornucopian etcher adds impossibleness beseemed seemings charnels yammers agrology preppie queered baseboards defogger baas quirkiest ultraviolet bering reposed unassimilated",http://www4.wiwiss.fu-berlin.de/bizer/bsbm/v01/vocabulary/ProductType,http://www4.wiwiss.fu-berlin.de/bizer/bsbm/v01/instances/ProductType38
http://www4.wiwiss.fu-berlin.de/bizer/bsbm/v01/instances/ProductType117,"sailcloth fameless gustatory","rivalries jiggers portiered midyears overhaul repacify microsurgeons baptizer forzandos solidifies sleighers knickers giantism marcs rewelded upbraiding shims rivalling strived canzones blimps substance carpetbaggers ribbony confounds fumbling originally mirks differentiated airfoils hawkshaws cuttlebones essayist showering cheerless encroachment thermocurrent artworks explicated",http://www4.wiwiss.fu-berlin.de/bizer/bsbm/v01/vocabulary/ProductType,http://www4.wiwiss.fu-berlin.de/bizer/bsbm/v01/instances/ProductType38
http://www4.wiwiss.fu-berlin.de/bizer/bsbm/v01/instances/ProductType50,"ocellus","sociosexual touches resubmit faints tends inscribing snuggles cordialness unofficial admirer celebrator extrauterine si reelers orates sweatiest cultic tided fringes noncontrastable tubas gerontotherapy",http://www4.wiwiss.fu-berlin.de/bizer/bsbm/v01/vocabulary/ProductType,http://www4.wiwiss.fu-berlin.de/bizer/bsbm/v01/instances/ProductType7
http://www4.wiwiss.fu-berlin.de/bizer/bsbm/v01/instances/ProductType118,"masticatory oink","chastest cannonballing helled blackening dowelling simmers writher lushed funnier hipsters convictions idee states dehumidified subpartnership illustrations folderol monsieurs frequenters grosgrains birdcall remains circumstantiate fronds eisteddfod stentor friezes believably dextro romanticists retrofire resembled warrantors extents chantage anomy bedquilt jagless allspices",http://www4.wiwiss.fu-berlin.de/bizer/bsbm/v01/vocabulary/ProductType,http://www4.wiwiss.fu-berlin.de/bizer/bsbm/v01/instances/ProductType39
http://www4.wiwiss.fu-berlin.de/bizer/bsbm/v01/instances/ProductType51,"halflives cutins forebodies","grudged recompenser interhemispheric patrimonially inexplicably entrancing unforeseeable arsonists poiser sombrely weediness elides uninformative havocked nonbelligerents fakes stability hoist wheeziest ideals conchoid gathers ridable quagmiry pileups frontager stippler soapers devastative urbanizing gnoses shopman sectors inciters canonise eyeballed parred twiny lawmakers",http://www4.wiwiss.fu-berlin.de/bizer/bsbm/v01/vocabulary/ProductType,http://www4.wiwiss.fu-berlin.de/bizer/bsbm/v01/instances/ProductType7
http://www4.wiwiss.fu-berlin.de/bizer/bsbm/v01/instances/ProductType119,"discontinuations","mobber certainly vitalizers stressed adopter styluses overcome cpl technicalness rabbinic telegraphs catchiest robes amebean levied bozo impeder envisioning unidiomatically trenchers teleports retouch hardener pulmonic lucrativeness loblollies gesticulation",http://www4.wiwiss.fu-berlin.de/bizer/bsbm/v01/vocabulary/ProductType,http://www4.wiwiss.fu-berlin.de/bizer/bsbm/v01/instances/ProductType39
http://www4.wiwiss.fu-berlin.de/bizer/bsbm/v01/instances/ProductType52,"polypod pathogens","untangle sackbuts hiring triumphantly lyricize mounties kerosenes hoarsest bonesetter wellspring exemplum endoskeleton hon giveaways outsmarted variously pastier observes scaping latest empurpled",http://www4.wiwiss.fu-berlin.de/bizer/bsbm/v01/vocabulary/ProductType,http://www4.wiwiss.fu-berlin.de/bizer/bsbm/v01/instances/ProductType7
http://www4.wiwiss.fu-berlin.de/bizer/bsbm/v01/instances/ProductType53,"viperish","cotangents recelebrated reciprocating sunnily hallmarked fortuned orpiments congruously apes yielder wondrously dimorphic franchisees raveling subconscious loury legginged umbellate wardresses diemaker breakings weighters xenograft senselessness drags sailable hellishly realign alcoholics ologies remodify spasmodically choirmasters dimes bucklered goddamn hitchhiked unplug recta circuiteer reunifies swanherd learns",http://www4.wiwiss.fu-berlin.de/bizer/bsbm/v01/vocabulary/ProductType,http://www4.wiwiss.fu-berlin.de/bizer/bsbm/v01/instances/ProductType7
http://www4.wiwiss.fu-berlin.de/bizer/bsbm/v01/instances/ProductType54,"blent","gradation demobbing mussolini squinters tarmacs delegated repudiator etherizes ambivert homogenized studiousness ageratums molested textuaries sobers sinecures bedevils scattersite saddles oregonians reconfirm spined compensation invincibility understatements feeing amplest anapestic detachable caladium seminude praetors soirees granger plains conveyances denouncements",http://www4.wiwiss.fu-berlin.de/bizer/bsbm/v01/vocabulary/ProductType,http://www4.wiwiss.fu-berlin.de/bizer/bsbm/v01/instances/ProductType7
http://www4.wiwiss.fu-berlin.de/bizer/bsbm/v01/instances/ProductType55,"quarks enjoyably","examinee piggybacks thinning aspens neaps peritonea horsepowers hookah rentable maupassant fricassees unfastening interoceanic implacability discontentments spryness overgeneralize jeopardies justified telephoto ley incus kiddy dislocations hours stickling defrauder direction subtreasuries unremittingly",http://www4.wiwiss.fu-berlin.de/bizer/bsbm/v01/vocabulary/ProductType,http://www4.wiwiss.fu-berlin.de/bizer/bsbm/v01/instances/ProductType7
http://www4.wiwiss.fu-berlin.de/bizer/bsbm/v01/instances/ProductType56,"retirer","rubrics tramline osteotomy institutes vaunter chertier substitutions lamaism exculpations maledictions nightwear telluric subbings florets lividly barrister oozy obliqued barricades franchiser mistranslate smuggest pensionable eschewals abandoned sordidly turnspit differentiating medicates charlatanism serialize disregardful groans spiritualized submontane cheapen returner carrier pigments spasticities foldboats couplets japer halfpennies",http://www4.wiwiss.fu-berlin.de/bizer/bsbm/v01/vocabulary/ProductType,http://www4.wiwiss.fu-berlin.de/bizer/bsbm/v01/instances/ProductType8
http://www4.wiwiss.fu-berlin.de/bizer/bsbm/v01/instances/ProductType57,"torrential automatons","computable phooey squeezer orchectomy traumas sinner preventions leggiest unapplied glop cognoscing rhubarbs haphazardness vats potentiate crematoria polymorphism muzzier nightwalker troughs",http://www4.wiwiss.fu-berlin.de/bizer/bsbm/v01/vocabulary/ProductType,http://www4.wiwiss.fu-berlin.de/bizer/bsbm/v01/instances/ProductType8
http://www4.wiwiss.fu-berlin.de/bizer/bsbm/v01/instances/ProductType58,"yardarm crashed","opacifying unfederated doges hermaphroditic ambulating huddler varments consonances demobilizations ombres compliantly dillydally potentiated prepayment bestirred fluidizing editorship gorses ethnical zillions infidels albanians",http://www4.wiwiss.fu-berlin.de/bizer/bsbm/v01/vocabulary/ProductType,http://www4.wiwiss.fu-berlin.de/bizer/bsbm/v01/instances/ProductType9
http://www4.wiwiss.fu-berlin.de/bizer/bsbm/v01/instances/ProductType59,"passivity saturating","consummately analytical slatternly bilgier incommunicative cutup translucence generalized underacting reproached tagboards diagraph exhibitionist incorrigibleness runrounds sulfides dites clearer sportive shikses vigils phlebotomies remonstrating impermeabilities categorizer overmodify disbar liers readjust moulin farced",http://www4.wiwiss.fu-berlin.de/bizer/bsbm/v01/vocabulary/ProductType,http://www4.wiwiss.fu-berlin.de/bizer/bsbm/v01/instances/ProductType9
http://www4.wiwiss.fu-berlin.de/bizer/bsbm/v01/instances/ProductType120,"brains favoring","rulings mooniest nonallergenic aeronauts thuggeries rainmaker whirlier flannelet merriest litchis thruputs narcissists neatens retie woodcarvers sassily digitalization paella peppiness gloriam pryers vigorously biorythmic payout venturers milestones gladiatorial arterioscleroses domiciliated kipskins escapement kenneled cystitis roared ambassadorships corncobs marzipans argils lavenders unweakened ensilaged obfuscating joinings easements idolatries natron kenneled thatching",http://www4.wiwiss.fu-berlin.de/bizer/bsbm/v01/vocabulary/ProductType,http://www4.wiwiss.fu-berlin.de/bizer/bsbm/v01/instances/ProductType40
http://www4.wiwiss.fu-berlin.de/bizer/bsbm/v01/instances/ProductType121,"peered","suspensive centrifuges dilutor misconstructions carnies wincers entoiling commingles moans parodists mopingly dissemination tzitzis cootie bracero bridging fighting precollegiate instate cosmonaut solecize endogeny pylorus sightsees vulgarizing pioneered electrical southwesterly odorful patching quarterdecks feigners perjurer rampagers kilobits",http://www4.wiwiss.fu-berlin.de/bizer/bsbm/v01/vocabulary/ProductType,http://www4.wiwiss.fu-berlin.de/bizer/bsbm/v01/instances/ProductType40
http://www4.wiwiss.fu-berlin.de/bizer/bsbm/v01/instances/ProductType122,"givens vedanta","keynoter discounts nocks leghorns algicide leachers coprocessors deceivers polit turbot muffling honorableness hardship raced fisher concordance gratifying porousness roentgens shinily exhaustless twitcher portion quam uploaded pastured chorizos precelebrations",http://www4.wiwiss.fu-berlin.de/bizer/bsbm/v01/vocabulary/ProductType,http://www4.wiwiss.fu-berlin.de/bizer/bsbm/v01/instances/ProductType41
http://www4.wiwiss.fu-berlin.de/bizer/bsbm/v01/instances/ProductType123,"nubbins bloodsucking purloiners","preanesthetic allotrope interspersing accumulatively nighties castigations goldest aspirins beautifully unleavened cornify buttony lumpers intercapillary draped refutes bullocks delinquents martyry steeped nervings phantasmagoric impenitence fens maenades balloting cert disparaging chaffering vervains pyrotechnical randomization packaged roughing pepperiness unmingling maxilla dingdong factorship foresaw dreadfully hairwork jiggling",http://www4.wiwiss.fu-berlin.de/bizer/bsbm/v01/vocabulary/ProductType,http://www4.wiwiss.fu-berlin.de/bizer/bsbm/v01/instances/ProductType41
http://www4.wiwiss.fu-berlin.de/bizer/bsbm/v01/instances/ProductType124,"passageways moratoriums","quackish syllables sagacities narcotically afghans nosier stupider yodeller ameliorative indistinctness asphaltic jaygees reconstruction hamburgs tonsuring denominates rexes filched tactlessly oversalting eruptional abruptly bioenergetics proportionality genevas halfheartedness charring sanely neighborhood birched",http://www4.wiwiss.fu-berlin.de/bizer/bsbm/v01/vocabulary/ProductType,http://www4.wiwiss.fu-berlin.de/bizer/bsbm/v01/instances/ProductType42
http://www4.wiwiss.fu-berlin.de/bizer/bsbm/v01/instances/ProductType125,"prestigiously cummers","questioner ethnicity hatting tailbacks suppositories laminator commentate friendliest geologies resolder disengaging bedded vivider swigger grazed fogyism bloomers discolor pressingly genuinely heretically holiest indicating overdraw demolitionist instrumentalities indicated rimmers nonalcoholic dishwashers reinstatement killer surroundings injudiciousness mirk amoebic pentagons snouting nabob clemently gyral sampler varlets",http://www4.wiwiss.fu-berlin.de/bizer/bsbm/v01/vocabulary/ProductType,http://www4.wiwiss.fu-berlin.de/bizer/bsbm/v01/instances/ProductType42
http://www4.wiwiss.fu-berlin.de/bizer/bsbm/v01/instances/ProductType126,"demounts upwardly","ichorous mislaid deprecating haystacks greasers lightheaded contractible indoctrinations dragoman sulphate redrill fells fabricates markets oversides troopships candlewicks fruitions rubellas fainer retransmissions beguiled yelping overmatches tuberosity axseed mischances carafe squawkers glossier ephedra",http://www4.wiwiss.fu-berlin.de/bizer/bsbm/v01/vocabulary/ProductType,http://www4.wiwiss.fu-berlin.de/bizer/bsbm/v01/instances/ProductType43
http://www4.wiwiss.fu-berlin.de/bizer/bsbm/v01/instances/ProductType127,"showiest thorned","shewed jobbers standishes violater pajama lineages ogling trashed cockles unpeopling manubriums sacrificing bellybutton celibacies colonels prophets fineable tracts instructs coarseness shackles transistors lanciers holidaying divesting demeanors buys slalomed lories asylums accusers whelping thermometry inculpate creepie canasta handbills soundless mangroves loggias persuaded gagers doggerel encephalogram whipsawing maledicted movables sequencings distasted",http://www4.wiwiss.fu-berlin.de/bizer/bsbm/v01/vocabulary/ProductType,http://www4.wiwiss.fu-berlin.de/bizer/bsbm/v01/instances/ProductType43
http://www4.wiwiss.fu-berlin.de/bizer/bsbm/v01/instances/ProductType60,"petrographers exogenously slenderized","salesladies faultily walked shellfish neoplastic intelligently convicts seventeens miscellanies eterne rockers sings chaffers steamiest smidgens pareve counselable cacaos barometrograph winsomest starched chekhov anapest milliliters variorums commencement apteryxes trichinoses spiderier presifts alimenting inflictor prideful equals mainframes counterpoints quills galled sleeting peristylar expurgates beauts invigorating arider cosigner barbarize cushioning",http://www4.wiwiss.fu-berlin.de/bizer/bsbm/v01/vocabulary/ProductType,http://www4.wiwiss.fu-berlin.de/bizer/bsbm/v01/instances/ProductType10
http://www4.wiwiss.fu-berlin.de/bizer/bsbm/v01/instances/ProductType128,"sizzlers alveolate","documenters quirking mussy ichthyologists mealworms dirtier evicts gigantism slimiest milldams neurophysiological trowsers heroize irruptions sandlotter prosperously centralizing libellers underexposes circulator flagellations subtotalling reels",http://www4.wiwiss.fu-berlin.de/bizer/bsbm/v01/vocabulary/ProductType,http://www4.wiwiss.fu-berlin.de/bizer/bsbm/v01/instances/ProductType44
http://www4.wiwiss.fu-berlin.de/bizer/bsbm/v01/instances/ProductType61,"supersexes","messman cinquains enfoldings tutoresses folktale zonetimes removed mein boxful allergen lindanes causerie lieut yummies prickiest cording disinterested scribers sapidity yours aesopian debauchees cumquat cloaked sandbags intellectually duplicates umbeled anomalies hacked",http://www4.wiwiss.fu-berlin.de/bizer/bsbm/v01/vocabulary/ProductType,http://www4.wiwiss.fu-berlin.de/bizer/bsbm/v01/instances/ProductType10
http://www4.wiwiss.fu-berlin.de/bizer/bsbm/v01/instances/ProductType129,"kaftans tangram","illness vaultier quads departmental cupped limpers antiinsurrectionists outfacing kwhr dissimulated inciters sportily circumstantiation scrimping bristles lines piezochemistry pyloruses tempting headpiece overwound temporizer barbarianism toeplates unforgiven celebration trekkers burweed bravest teacake pursuance inhering ninnyish pampean toastmistresses overbids implausibly proctoscopically unfrock untruthful stomper surcharging strictly morganatic elicitors quadruplications spenders kickstands",http://www4.wiwiss.fu-berlin.de/bizer/bsbm/v01/vocabulary/ProductType,http://www4.wiwiss.fu-berlin.de/bizer/bsbm/v01/instances/ProductType44
http://www4.wiwiss.fu-berlin.de/bizer/bsbm/v01/instances/ProductType62,"personas antechambers","boomerangs jockeys muumuu workup blah rhododendrons executors eyewitnesses meas hidebound sonants offence dashes reposed reluctancy reshuffles subaverage eternize congratulations encephalitic wooshing potentiates cerecloths leftism plinths nervously pinholes articular brilliancy ancien promulgators",http://www4.wiwiss.fu-berlin.de/bizer/bsbm/v01/vocabulary/ProductType,http://www4.wiwiss.fu-berlin.de/bizer/bsbm/v01/instances/ProductType11
http://www4.wiwiss.fu-berlin.de/bizer/bsbm/v01/instances/ProductType63,"henpecked designs undersigned","nocturnes facially esplanades reconversions irruptions shamefully eclecticism middlebrowism commitments crabber workingwomen entwine outrace sweated caravaning uncritical winkles dippy pestiferous extraterrestrially criminology genres wrongers",http://www4.wiwiss.fu-berlin.de/bizer/bsbm/v01/vocabulary/ProductType,http://www4.wiwiss.fu-berlin.de/bizer/bsbm/v01/instances/ProductType11
http://www4.wiwiss.fu-berlin.de/bizer/bsbm/v01/instances/ProductType64,"handpicks burs skullduggeries","warmongers kart nonperishable restfully remailed erose bries reattempts anoints placket nutcrackers braggadocio darkener adagial transients unpaying blintzes mobsters dinking pericardial sequentially uncivilized potences attenuated cuish craftiness romances",http://www4.wiwiss.fu-berlin.de/bizer/bsbm/v01/vocabulary/ProductType,http://www4.wiwiss.fu-berlin.de/bizer/bsbm/v01/instances/ProductType12
http://www4.wiwiss.fu-berlin.de/bizer/bsbm/v01/instances/ProductType65,"deluged divvy","sideslipping barhop reprintings smells pilothouse malefactresses upholstered valutas wrings timpanists wardrobes adoze disintegrated atrophied houseboy ineligibly injustices featherless transubstantiation ruffles cottoned recounted pelleting subrule respectable floorings aerobatics furrowers redid goofed updates aspects mayday permeably revs vernaculars croakier ramparted bethels pyrenees deactivated syne erasures technics nonirritant",http://www4.wiwiss.fu-berlin.de/bizer/bsbm/v01/vocabulary/ProductType,http://www4.wiwiss.fu-berlin.de/bizer/bsbm/v01/instances/ProductType12
http://www4.wiwiss.fu-berlin.de/bizer/bsbm/v01/instances/ProductType66,"ethnicity","ricochets unproductively searer dropsied fey gimcrack flamines shunpiked samplings moroccos titrant dogger infundibula voided gangers encompassed accounter globetrotting lasing supplicated babkas pigments warthogs",http://www4.wiwiss.fu-berlin.de/bizer/bsbm/v01/vocabulary/ProductType,http://www4.wiwiss.fu-berlin.de/bizer/bsbm/v01/instances/ProductType13
http://www4.wiwiss.fu-berlin.de/bizer/bsbm/v01/instances/ProductType67,"antiparticles","abeyancy polygonally disgustedly middies epistolary caromed bleeps funerals decolonizing nervy klutzes spatular ouzels stemware drillings gunstock fructoses razors imprecisely overinvested vaquero indirectly uncharitable",http://www4.wiwiss.fu-berlin.de/bizer/bsbm/v01/vocabulary/ProductType,http://www4.wiwiss.fu-berlin.de/bizer/bsbm/v01/instances/ProductType13
http://www4.wiwiss.fu-berlin.de/bizer/bsbm/v01/instances/ProductType68,"dangled","gorgeousness appendages teethings jingoist potbellies qui sigmoids lobotomies bestrewn forsakers lowing equitant foods designment vibrance atheists suffixion gamy tundras shortening samovars soapbark bulled electropositive reworking realigns ultrastructural repowering mammalians hedgier liberationist bronzing",http://www4.wiwiss.fu-berlin.de/bizer/bsbm/v01/vocabulary/ProductType,http://www4.wiwiss.fu-berlin.de/bizer/bsbm/v01/instances/ProductType14
http://www4.wiwiss.fu-berlin.de/bizer/bsbm/v01/instances/ProductType69,"crowner uncharacteristic enquirer","accumulated topologically truistic sceptered glamorization reverers golfed saintly yetis imponderability electrochemistry pyrotechnical pronouncing disaffiliation avoided ortho scraggier trapezoids singling indianians reflexiveness conchoid nakedness tarn spacewalk abscises remelts evaluations debating surrealistically biomechanics cherishing noisier terrines quincunx roistering contours tweedles sinicize hon poppets stockading nurserymen bidders weirder pederasty impassability incitants",http://www4.wiwiss.fu-berlin.de/bizer/bsbm/v01/vocabulary/ProductType,http://www4.wiwiss.fu-berlin.de/bizer/bsbm/v01/instances/ProductType14
http://www4.wiwiss.fu-berlin.de/bizer/bsbm/v01/instances/ProductType130,"upsilons aureolas","barrenness ascenders perforation magistery denominating monogamists serials elands trilled illegitimation unhesitatingly aweless notarial vistas nags rathskellers grasped bowleg prelatic prevues crumps cyborg peninsular reconfirmations mallets intellects kebabs rebound crimes wheezers editorially verges larvas bakeries lazarettos storeyed reascent overassured transliteration unmuzzle attorneys paunchier overinclines mermen challises",http://www4.wiwiss.fu-berlin.de/bizer/bsbm/v01/vocabulary/ProductType,http://www4.wiwiss.fu-berlin.de/bizer/bsbm/v01/instances/ProductType45
http://www4.wiwiss.fu-berlin.de/bizer/bsbm/v01/instances/ProductType131,"plaice","trucklers imitation pavlovian whitewalls snippets faller ombre lockless cynosure tricuspid trustwoman redemonstrated parceling trashed tollways hawses priced legalistic inhospitality abandons straightedge debriefings cerebration paddocks bravely marihuana safflower gesticulation blandest glaringly",http://www4.wiwiss.fu-berlin.de/bizer/bsbm/v01/vocabulary/ProductType,http://www4.wiwiss.fu-berlin.de/bizer/bsbm/v01/instances/ProductType45
http://www4.wiwiss.fu-berlin.de/bizer/bsbm/v01/instances/ProductType132,"perambulate","turnabouts teaspoonsful stretchable electees weensiest mannerly abscam abstinence hypodermically concealed gweducks parodies lairds pipeful conducers planters kakas neptunian cufflinks dandyish openheartedness kasha increased foozlers",http://www4.wiwiss.fu-berlin.de/bizer/bsbm/v01/vocabulary/ProductType,http://www4.wiwiss.fu-berlin.de/bizer/bsbm/v01/instances/ProductType46
http://www4.wiwiss.fu-berlin.de/bizer/bsbm/v01/instances/ProductType133,"yukking quaintness imbricate","bazooka philosophized fructifying inviters demonstrative helixes defiles apotheoses relentlessly mountaintops resituate slimmest exotics chorused hypnotize acidhead zincky supporters unenterprising mangler embezzling overeducating preventives lichee platypuses imagination speared cloudbursts constellation ensnarements depreciators prettification golliwogs undesired consists waggeries stiffeners reactive quells typographically allays",http://www4.wiwiss.fu-berlin.de/bizer/bsbm/v01/vocabulary/ProductType,http://www4.wiwiss.fu-berlin.de/bizer/bsbm/v01/instances/ProductType46
http://www4.wiwiss.fu-berlin.de/bizer/bsbm/v01/instances/ProductType134,"vapourers chainmen","unsought miscounted nullifications elflock contortionists capablest lucubrate ablated entrenches gaslit answerability churl aortas rackers novices hamburgers nonperishable uprooters vitally contentiousness indiscrete tramming whiteners firebombed transmits wrathier plebes cabbalahs tortured deflation",http://www4.wiwiss.fu-berlin.de/bizer/bsbm/v01/vocabulary/ProductType,http://www4.wiwiss.fu-berlin.de/bizer/bsbm/v01/instances/ProductType47
http://www4.wiwiss.fu-berlin.de/bizer/bsbm/v01/instances/ProductType135,"pieing","flukes darneder dyslectic ritzier singing momism converses poliomyelitic shivas marrowed ditchless restructured maned selfness discerners abundances jeerers unconvincingly nonsuccessiveness adventuress antiquing fluidly nonaggression preexamining docilities spiniest jazziness arables intensifications weirder emasculation taphole raffling bespoken enneads goldener ameer memorably bamboozled thiabendazole pining genially",http://www4.wiwiss.fu-berlin.de/bizer/bsbm/v01/vocabulary/ProductType,http://www4.wiwiss.fu-berlin.de/bizer/bsbm/v01/instances/ProductType47
http://www4.wiwiss.fu-berlin.de/bizer/bsbm/v01/instances/ProductType136,"mesonic","maypole handcrafting wintergreens athletically didies bolshevists mourning enslaved micromillimeter cerebri emulatively galoshed soughed relighting primero rebuked waterlogging apartmental consequentially eely smokeless crumples whiners nisei noncivilized nonexistence manitou strippers topographers anticipation motorships mitigatory packers stabilize freshens zombis invisibility reoccurred submicroscopic latchkey visaed lesbians",http://www4.wiwiss.fu-berlin.de/bizer/bsbm/v01/vocabulary/ProductType,http://www4.wiwiss.fu-berlin.de/bizer/bsbm/v01/instances/ProductType48
http://www4.wiwiss.fu-berlin.de/bizer/bsbm/v01/instances/ProductType137,"aphrodisia","resole wrings superposition campaigns gifting lins copal reawoke gaffes boosting deductibility balsamic entices discolored pinchpenny chasmed hatefulness impiously scramming fiberizes swarthiness renege misrepresented petiole holist reconsolidations mukluks hypocritically busiest gulpers cherishes pleasureful phonily",http://www4.wiwiss.fu-berlin.de/bizer/bsbm/v01/vocabulary/ProductType,http://www4.wiwiss.fu-berlin.de/bizer/bsbm/v01/instances/ProductType48
http://www4.wiwiss.fu-berlin.de/bizer/bsbm/v01/instances/ProductType70,"trillium thousandths testers","glimpsed dishonoring railroaders quarreling privacies homemaking grinners scag foredoing inhalants dekagram fortis brunched unsparingness rosarian oxygenated sartorially misshaping probationary incompressable braziers toxicoid mollified truculence bannister sluts hogtieing savoured flops unified cowering gluttonously",http://www4.wiwiss.fu-berlin.de/bizer/bsbm/v01/vocabulary/ProductType,http://www4.wiwiss.fu-berlin.de/bizer/bsbm/v01/instances/ProductType15
http://www4.wiwiss.fu-berlin.de/bizer/bsbm/v01/instances/ProductType138,"climbers rappelling frequency","meaningless sotted cottoned empaling larking setlines cubicity ennead guaranis quietisms preconceive maligners fluxed swamps shuteye nonsensitive bedouin bailouts reaccustomed dramamine reloader trampoliners workaholism harries gauziness singing impregnations loggias bicyclists",http://www4.wiwiss.fu-berlin.de/bizer/bsbm/v01/vocabulary/ProductType,http://www4.wiwiss.fu-berlin.de/bizer/bsbm/v01/instances/ProductType49
http://www4.wiwiss.fu-berlin.de/bizer/bsbm/v01/instances/ProductType71,"nonunionist roan lawnmower","antifreezes pacemaker quotations cutthroats severance disinheriting effloresced halftones snuffy forelegs anticommunism reembarks hypothyroids standings kindredship whippiest assortments snuffier bonfires inadmissable charters penetrator hospitableness gasified nudity uncoil ghanaians frailties restore disappointment mints minder ecologist ecstatically sufferers portioner flagella merrier",http://www4.wiwiss.fu-berlin.de/bizer/bsbm/v01/vocabulary/ProductType,http://www4.wiwiss.fu-berlin.de/bizer/bsbm/v01/instances/ProductType15
http://www4.wiwiss.fu-berlin.de/bizer/bsbm/v01/instances/ProductType139,"toggles","regurgitated presbyope breakfasting pollutants reinstating encephalography robotization advisement hereditariness unsung giggling eczematous demeans uncashed newsiest rantingly bulgarians treasonably inchoate tenpins squabbling sailcloth boffins oscars stapedes teacupful paleocene mothproof malarious sixteenths inwards plausibility rooted bdrm sarod forecloses introducible cocain equivoke aromatize reaccompanies election unpinned haled constructed",http://www4.wiwiss.fu-berlin.de/bizer/bsbm/v01/vocabulary/ProductType,http://www4.wiwiss.fu-berlin.de/bizer/bsbm/v01/instances/ProductType49
http://www4.wiwiss.fu-berlin.de/bizer/bsbm/v01/instances/ProductType72,"huskies pacemakers","upcurve condos bunds cuckolded undertrained inning hobbled cubebs incompletely garbling provincially malignancy aced despisers sucked presifted objurgations immunized ratsbane missions",http://www4.wiwiss.fu-berlin.de/bizer/bsbm/v01/vocabulary/ProductType,http://www4.wiwiss.fu-berlin.de/bizer/bsbm/v01/instances/ProductType16
http://www4.wiwiss.fu-berlin.de/bizer/bsbm/v01/instances/ProductType73,"rainwater phylacteries","smoked shoes howdie inconsolably remolds triadics amnesias ascendance alluding stretched buffoonish subcompact crutched brittleness subsides feaze outbalance castings beechier soapers vaunted ducal brachium cymbals delegalizing trichlorethylenes metallurgists revarnishes ampulla confidences nickels bedraggled spurring overcapitalize gyrates cabochons teargases xxii albumen mellowest workweeks cartloads cedarwood staterooms uncrosses",http://www4.wiwiss.fu-berlin.de/bizer/bsbm/v01/vocabulary/ProductType,http://www4.wiwiss.fu-berlin.de/bizer/bsbm/v01/instances/ProductType16
http://www4.wiwiss.fu-berlin.de/bizer/bsbm/v01/instances/ProductType74,"opened predatoriness synchronizer","reasonless vaultings kooky reposition acidification languishers skidded bolted surmounts unaffiliated annexational thrilled froggiest mismatched neckwears discrepantly gauchos caoutchouc southerner perkily genres bednights authenticity rains tighter cooperators appaloosa reshuffled hosier boudoir pumped",http://www4.wiwiss.fu-berlin.de/bizer/bsbm/v01/vocabulary/ProductType,http://www4.wiwiss.fu-berlin.de/bizer/bsbm/v01/instances/ProductType17
http://www4.wiwiss.fu-berlin.de/bizer/bsbm/v01/instances/ProductType75,"broguery","remonetization bunting ultimatums otiosely tenderize bioenvironmentaly virilities outrun gustation perishably mulier degermed motorizes positiveness slimming bottleful icelander falsettos extemporized unscholarly distensibilities manometric preblesses chasmed ensnarling yippie cogence bulbed alchemist autointoxication strugglers slangiest dendrites",http://www4.wiwiss.fu-berlin.de/bizer/bsbm/v01/vocabulary/ProductType,http://www4.wiwiss.fu-berlin.de/bizer/bsbm/v01/instances/ProductType17
http://www4.wiwiss.fu-berlin.de/bizer/bsbm/v01/instances/ProductType76,"periodontics personalization","checkmated creasing obstructors hamstringing outgo buzzards subtending demits sputters cocomats inconclusiveness colonic vendibility scrutinizers photoengravers browses ultrasonics assented bigamy vouches overexpectant aligning choleric equivocalness netty ironworks rockers cardiographies",http://www4.wiwiss.fu-berlin.de/bizer/bsbm/v01/vocabulary/ProductType,http://www4.wiwiss.fu-berlin.de/bizer/bsbm/v01/instances/ProductType18
http://www4.wiwiss.fu-berlin.de/bizer/bsbm/v01/instances/ProductType77,"flinders meeker fumes","kebab gerontologist befuddlement ripplers repopulates shingles clodpate expiating monosodium sportscaster rustily assailing egomaniac laundrywomen cameleers contemplative recumbencies pigsties tramcar excitor airlifting veiner rewin imprints infringes shrinker footnotes leafage chariness coquetting reverified ob apennines snoot basify cranched",http://www4.wiwiss.fu-berlin.de/bizer/bsbm/v01/vocabulary/ProductType,http://www4.wiwiss.fu-berlin.de/bizer/bsbm/v01/instances/ProductType18
http://www4.wiwiss.fu-berlin.de/bizer/bsbm/v01/instances/ProductType78,"japanizes","tetany peppercorns rumormonger unarrested bedgowns dippier monomanias transcendentally cremator spathic megabits strays swankier parolable nudges airiness neutralize nutrias tarrying phlegm vaultings tootling kathartic geopolitics approvals reexpressed kindlers naturalized",http://www4.wiwiss.fu-berlin.de/bizer/bsbm/v01/vocabulary/ProductType,http://www4.wiwiss.fu-berlin.de/bizer/bsbm/v01/instances/ProductType19
http://www4.wiwiss.fu-berlin.de/bizer/bsbm/v01/instances/ProductType79,"matzo fishways","decomposing apronlike solarisms blighting aridity skittles redry sergeancies prepared saps outcropped unsubdued urgingly wierd cogitator backbends immovably seceders recumbencies dehumidifying demeans casehardening serialization foreplay reunifications diminishes fagoting enlister lightest expands radioscopical solvable windbreaks sultans schmoozed smashing tribades dbl errs sniggeringly bourgeoned hellcats recreative unerringly embalmer synovias chorussed",http://www4.wiwiss.fu-berlin.de/bizer/bsbm/v01/vocabulary/ProductType,http://www4.wiwiss.fu-berlin.de/bizer/bsbm/v01/instances/ProductType19
http://www4.wiwiss.fu-berlin.de/bizer/bsbm/v01/instances/ProductType140,"containments","mistiest reestablishing hoofbeat poltroon treasons spavined veilings chemism circuity hemlocks yeshivah overwilling egalitarians bullies toper observably saclike octopuses opted stipulator hoosegows outputted confuter pitiably rhetors fledges jocosely parasiticide duodenum hibernator placing prochurch belows collaborative whipworms sanctifier slummiest diaeresis baubles subtleness nebulise",http://www4.wiwiss.fu-berlin.de/bizer/bsbm/v01/vocabulary/ProductType,http://www4.wiwiss.fu-berlin.de/bizer/bsbm/v01/instances/ProductType50
http://www4.wiwiss.fu-berlin.de/bizer/bsbm/v01/instances/ProductType141,"refastens dentins agates","enjoyer odiousness ascertainment porks mutineered chuckler paganisms bicarb hadjee sonatinas passions profuseness trampled uncloaked dentures synchro niggards corporately sawboneses vicinage dams simplifier nonrepresentational",http://www4.wiwiss.fu-berlin.de/bizer/bsbm/v01/vocabulary/ProductType,http://www4.wiwiss.fu-berlin.de/bizer/bsbm/v01/instances/ProductType50
http://www4.wiwiss.fu-berlin.de/bizer/bsbm/v01/instances/ProductType142,"cleansers accelerative stepparents","expediently bedcovers dakotan halavahs remora nonrecurrent unsent assuror petcocks sequenced gusseted unartistic mayoresses blatter scandaling bristly kindler flirtingly redeye screwer bubbletops littery improbability dunghill assonances punctiliousness bushman grainer extras evener reequipped appealingly cursers impassioned bunkhouses satirizes hyperbolas offensively bashers achenes",http://www4.wiwiss.fu-berlin.de/bizer/bsbm/v01/vocabulary/ProductType,http://www4.wiwiss.fu-berlin.de/bizer/bsbm/v01/instances/ProductType51
http://www4.wiwiss.fu-berlin.de/bizer/bsbm/v01/instances/ProductType143,"submental","fusel imaginal debs rushing housewarming desensitizing bearably dimmers civvies forestays tastelessly incorporations grounds drawers gibbetted melts commodores hundredths nebs repave killjoys weariest cannonism henrys featheredge replenisher magniloquence retypes gulfy bobtailed graduators wicked veluring ginning paced autoimmunization occlusal spright hooraying intonating wildwood",http://www4.wiwiss.fu-berlin.de/bizer/bsbm/v01/vocabulary/ProductType,http://www4.wiwiss.fu-berlin.de/bizer/bsbm/v01/instances/ProductType51
http://www4.wiwiss.fu-berlin.de/bizer/bsbm/v01/instances/ProductType144,"unduly betted","broadness pharyngectomies outpatient monsignors uncorroborated knells catalos meanderer dwindling retransferring employability hellcats ruble commingling shoestrings recompensatory selectors hoopster bahamians truest unascertainable taiwanese skullduggeries canonizes unspeakable tautologies nondiscriminatory dispatchers construction inhabitress vasodilatation devilments fugally malfunctions manginess shoving",http://www4.wiwiss.fu-berlin.de/bizer/bsbm/v01/vocabulary/ProductType,http://www4.wiwiss.fu-berlin.de/bizer/bsbm/v01/instances/ProductType52
http://www4.wiwiss.fu-berlin.de/bizer/bsbm/v01/instances/ProductType145,"winterers","awless guars muddied tenets gunwale baalism plumps sidlers manipulated wastable bibberies outfielded inspectorial tolerably quasars ataxia battlements reverifying pastimes mukluk writers coted revisiting invoker counterrevolutions stellas thoracic empathizing pomegranates entangling scouter femininity antichrist untruthfulness pucks casehardening botcher headbands moory bakes ourangs awkwardest buzzers medicks impenetrably inheritress communicatively notation",http://www4.wiwiss.fu-berlin.de/bizer/bsbm/v01/vocabulary/ProductType,http://www4.wiwiss.fu-berlin.de/bizer/bsbm/v01/instances/ProductType52
http://www4.wiwiss.fu-berlin.de/bizer/bsbm/v01/instances/ProductType146,"discourages strutted warbles","caramelizes legalized storefronts ungallantly tamer suspended extorting enchant lilliputians trappings germanized sexagenarians nutritiousness jargonize lunas mischief pluperfects ructions subverts copepods syncopes planetoids valorized freightyard fatherhood quackish orisons underfinances civilized centuple perverted psychedelically tuckets petitioner ossea delegacies aquiline dared percussor tariffing kirtled",http://www4.wiwiss.fu-berlin.de/bizer/bsbm/v01/vocabulary/ProductType,http://www4.wiwiss.fu-berlin.de/bizer/bsbm/v01/instances/ProductType53
http://www4.wiwiss.fu-berlin.de/bizer/bsbm/v01/instances/ProductType147,"missal","bonos baptisteries terrines worshipping hatchways partitions factorage nonbreakable surplices lave standings velds samariums bleacher systematize chaconnes tilers eyrie gladiatorial appliqued shedable laserdisks mfd seducible buns freethinking strayers degauss airwomen glycemia vagrancy floodwater brachydactylous",http://www4.wiwiss.fu-berlin.de/bizer/bsbm/v01/vocabulary/ProductType,http://www4.wiwiss.fu-berlin.de/bizer/bsbm/v01/instances/ProductType53
http://www4.wiwiss.fu-berlin.de/bizer/bsbm/v01/instances/ProductType80,"dismounting soffits","czechoslovak flattener spectroscopical successes charbroil hermetically rainmaking trafficable skeletons sipper sweeter avocational pompoms gardener thready supervises forgetfully topflight tribunals veering soldierly internodal disillusion resizing primariness dodos dressmaking victualled mashie aggies iniquitously meningism disrepute buttonhook gladiate tropins junkier bringing fertilizers makeups wildwood supererogation",http://www4.wiwiss.fu-berlin.de/bizer/bsbm/v01/vocabulary/ProductType,http://www4.wiwiss.fu-berlin.de/bizer/bsbm/v01/instances/ProductType20
http://www4.wiwiss.fu-berlin.de/bizer/bsbm/v01/instances/ProductType148,"ophthalmoscopes awed","candies resummoning floatiest underexpose smidgen extremity uprootals panicled ormolus octangle persisters sawing pulses shellfish snowfalls reverer trove tenting genocide imprinters nonsecret habitude interdictor deedless serenaded abolitionary carboyed obstetrically scraggier canard ratification viticulture privileges enplaned montaged toothiest recompounded sappiness overspends discovering buttonholer bezils sociologic extortionists geegaw ontologies powders bookshops",http://www4.wiwiss.fu-berlin.de/bizer/bsbm/v01/vocabulary/ProductType,http://www4.wiwiss.fu-berlin.de/bizer/bsbm/v01/instances/ProductType54
http://www4.wiwiss.fu-berlin.de/bizer/bsbm/v01/instances/ProductType81,"imputations smiters exteriorly","sensed exaggerative leftwing kelped trembler recessions limbing roofings overfanciful turbines subscriptions creoles succour tenty cameoing rehearser shamois relearn grogs rescheduled interpolating guesstimate unbeliever prolixly swishers reformer reinvestigating underproduced interloping clarinetist unopened divines quagga dashiki caressers cantered pinners cubages acidosis reattempt casts confuted",http://www4.wiwiss.fu-berlin.de/bizer/bsbm/v01/vocabulary/ProductType,http://www4.wiwiss.fu-berlin.de/bizer/bsbm/v01/instances/ProductType20
http://www4.wiwiss.fu-berlin.de/bizer/bsbm/v01/instances/ProductType149,"argentum","loins hypoderm adulteresses elicitors nitrated timeserver clifts tasked ochery privities spreadsheets conditionality physics boarders blitheness yowling tressiest foolery liabilities bordels poodles lyes cantankerously lambed ripened tomtit flypapers beholders plumpness orrery regicide libbers bacchanal costumiers sinner humanest algerians reappearance reminiscence comped massless durn",http://www4.wiwiss.fu-berlin.de/bizer/bsbm/v01/vocabulary/ProductType,http://www4.wiwiss.fu-berlin.de/bizer/bsbm/v01/instances/ProductType54
http://www4.wiwiss.fu-berlin.de/bizer/bsbm/v01/instances/ProductType82,"curmudgeons diddlers","dissection scummiest injectant pelves punctilious statutableness videos coinsurer scalawags deadeye semierect champagnes ridicules nocturn untethers cutlery remonstrance manometric jacketed warningly discomposing filtrating alloted unverifiably deleting citicorp",http://www4.wiwiss.fu-berlin.de/bizer/bsbm/v01/vocabulary/ProductType,http://www4.wiwiss.fu-berlin.de/bizer/bsbm/v01/instances/ProductType21
http://www4.wiwiss.fu-berlin.de/bizer/bsbm/v01/instances/ProductType83,"scorched deprecatingly gooder","pertinacity sunshines tolerative ravishments attraction provocatively remits pieta reawakened ostensive pauperization subrules denuding hedges gangplow glaciology oratories carnify broodiest celebre relenting boxer hotdogging mouthwash unexampled multilayer ceder limeades unmended diluted lays anneals bludgeoning mediumistic vaster goebbels sponsorial digitalized ballyhooing arsenites esculents cupronickel hysterectomies thunderhead overscrupulous aortal faiths nits",http://www4.wiwiss.fu-berlin.de/bizer/bsbm/v01/vocabulary/ProductType,http://www4.wiwiss.fu-berlin.de/bizer/bsbm/v01/instances/ProductType21
http://www4.wiwiss.fu-berlin.de/bizer/bsbm/v01/instances/ProductType84,"perpendiculars","batistes chewer asks beholden tidies trochaics disinfects genet quahaugs nondrinker escallop tremolo immigrated brutally backstitching clamorously uncongenial blustered lechered antidotal reimburses waffling embroiderer prepublication ephedrin jauntiness polarization divisions equivalences transgressors insaner gumtree feared obstructer",http://www4.wiwiss.fu-berlin.de/bizer/bsbm/v01/vocabulary/ProductType,http://www4.wiwiss.fu-berlin.de/bizer/bsbm/v01/instances/ProductType22
http://www4.wiwiss.fu-berlin.de/bizer/bsbm/v01/instances/ProductType85,"boatbills multitudes","parachuted coarsely hyposensitize unpossessive stateside coiffes embarrassing considering sharpens farsightedly tartrated bentonite joggles eyeholes contextually bruited osmotically highhandedly jays ordnances casts bested blandishment vilifiers recleaning spunky drawlers warping labeled honied clotures tillage bearably chickpea inflationism meniscectomy dishpan prevailers tosser rf maledictive constants elusion ingression seismometric stipulated forbearer cadaverously hindermost nutrimental",http://www4.wiwiss.fu-berlin.de/bizer/bsbm/v01/vocabulary/ProductType,http://www4.wiwiss.fu-berlin.de/bizer/bsbm/v01/instances/ProductType22
http://www4.wiwiss.fu-berlin.de/bizer/bsbm/v01/instances/ProductType86,"unaccessible biter catenating","reembarkation fortuneteller corporations stealer chalkier refinances hairwork progressed squattiest masse defeminize pectorals inculpability glossing uneducable documented sparkier thumbscrews peckier frothily terrane homespuns unpasteurized undercoating revenant interrupting believeth torii phonemes movability",http://www4.wiwiss.fu-berlin.de/bizer/bsbm/v01/vocabulary/ProductType,http://www4.wiwiss.fu-berlin.de/bizer/bsbm/v01/instances/ProductType23
http://www4.wiwiss.fu-berlin.de/bizer/bsbm/v01/instances/ProductType87,"throngs ataxy outstares","yoking desensitizing dieters interbanking guardianship unstructured endocrinologic legitimateness cotangents deceiving peripherally prinking confutation steeped identifiable secretariats climacterics quittors psychokinesis hoggishly unpracticable infields gaveled appetizers sphygmographies unadjustable achiever rankest flexes bedfellows vendees kneaded",http://www4.wiwiss.fu-berlin.de/bizer/bsbm/v01/vocabulary/ProductType,http://www4.wiwiss.fu-berlin.de/bizer/bsbm/v01/instances/ProductType23
http://www4.wiwiss.fu-berlin.de/bizer/bsbm/v01/instances/ProductType88,"ascriptions talkable","asylums remeasurement eggplants rearousal shirtiest tatters gnawingly extorting dost tannates flunking unplanned shacking sorel reportedly cowing goodwills cavalierness sanding porphyries",http://www4.wiwiss.fu-berlin.de/bizer/bsbm/v01/vocabulary/ProductType,http://www4.wiwiss.fu-berlin.de/bizer/bsbm/v01/instances/ProductType24
http://www4.wiwiss.fu-berlin.de/bizer/bsbm/v01/instances/ProductType89,"conscienceless","cst turtler matzos beltlines pantries emigrating opacities writing brands overman audiologists teratologist trustfulness muddleheaded pawing fishpole whoosis silverfish cankers horologies exuberantly confederative sander parve fumet groundwave enrichments",http://www4.wiwiss.fu-berlin.de/bizer/bsbm/v01/vocabulary/ProductType,http://www4.wiwiss.fu-berlin.de/bizer/bsbm/v01/instances/ProductType24
http://www4.wiwiss.fu-berlin.de/bizer/bsbm/v01/instances/ProductType150,"mobcaps antepast","rastafarian sassily bowknots durns ekistics copped cooperatively climatotherapies darkrooms provocations dogwatch schussing undone acclaimer clonking presifted forgives scholarships cesarian siameses propitiatory autoclaves busyness gladiate areoles shedder selvaged cerebric scatted outworkers debouched knave perplexed paladin",http://www4.wiwiss.fu-berlin.de/bizer/bsbm/v01/vocabulary/ProductType,http://www4.wiwiss.fu-berlin.de/bizer/bsbm/v01/instances/ProductType55
http://www4.wiwiss.fu-berlin.de/bizer/bsbm/v01/instances/ProductType151,"heavily apocalyptical salvable","petters barbarities sogginess fangless shoptalk wakening astrolabe mistrusting overbuy telephotographic mikveh lockjaw gravitons durns earthiness psychotropic pranksters overtrained recapitulate sublease introducers pastilles eddying nonconforming scorify frankly cantors griming prettier accruals nonselective suavest",http://www4.wiwiss.fu-berlin.de/bizer/bsbm/v01/vocabulary/ProductType,http://www4.wiwiss.fu-berlin.de/bizer/bsbm/v01/instances/ProductType55
http://www4.wiwiss.fu-berlin.de/bizer/bsbm/v01/instances/ProductType90,"electromagnetical resifted","crueler cured impalement needers poker crackdown overattached kantian honeycombs moneymakers mens reclassified gainsayer maenads conjectures garniture pronghorns grantors inceptive fretful puttee generational drowses cliquiest descry tonneaux blubbery cybernation",http://www4.wiwiss.fu-berlin.de/bizer/bsbm/v01/vocabulary/ProductType,http://www4.wiwiss.fu-berlin.de/bizer/bsbm/v01/instances/ProductType25
http://www4.wiwiss.fu-berlin.de/bizer/bsbm/v01/instances/ProductType91,"boulimia ousels","gallnuts particularly ensnarled premising festivals unrests lingers thunderheads kb overcompensating relicenses codger reaccredit rehanged reabandons emulating inflators destitution middies chapping",http://www4.wiwiss.fu-berlin.de/bizer/bsbm/v01/vocabulary/ProductType,http://www4.wiwiss.fu-berlin.de/bizer/bsbm/v01/instances/ProductType25
http://www4.wiwiss.fu-berlin.de/bizer/bsbm/v01/instances/ProductType92,"sneering smartens motivated","votaries analects cloverleaf vinic spurting brevi conks assuredly tarps cords outstandingly cohesions nonviolent humanization transmissive parring napes muslims jounced ethicalness fumbler cocomat tusked restamp reactance couped forebye antipacifists reavowing restamping copyholders hagride exclaimer",http://www4.wiwiss.fu-berlin.de/bizer/bsbm/v01/vocabulary/ProductType,http://www4.wiwiss.fu-berlin.de/bizer/bsbm/v01/instances/ProductType26
http://www4.wiwiss.fu-berlin.de/bizer/bsbm/v01/instances/ProductType93,"avulsions goldenly","rollovers annularity vermiculites seepages phycomycete winner julienne communicated cryptograph relapse inveteracy barometrograph desponded scepters microns condors wastier recoveries polyclinic wallahs polemist croaking abandoned lauders misdemeanor underlies scourges flatfooted breasts cranked piccalillis masterminded playfellows psalters varietally intoxicatedly squatness sugarier legalness gracile recount pangs palefaces lacerations tensiometer judgelike lutist tongueless reinsman asterisks",http://www4.wiwiss.fu-berlin.de/bizer/bsbm/v01/vocabulary/ProductType,http://www4.wiwiss.fu-berlin.de/bizer/bsbm/v01/instances/ProductType26
http://www4.wiwiss.fu-berlin.de/bizer/bsbm/v01/instances/ProductType94,"darkliest isolator","engagement transoms lenience gunmetals neutrals fugging caffeins arbor actinides hellgrammites succulents trollies sawed vouches instructed restraightened buttresses swagger darwinians deselects budgie emetically miscued miaou premises hepatize columnist understandingly sleeker lightering grandee contours despatcher coalholes technologist",http://www4.wiwiss.fu-berlin.de/bizer/bsbm/v01/vocabulary/ProductType,http://www4.wiwiss.fu-berlin.de/bizer/bsbm/v01/instances/ProductType27
http://www4.wiwiss.fu-berlin.de/bizer/bsbm/v01/instances/ProductType95,"stoup","bast donative outfaces endear workhouse dom motorists frizzy lallygagged salinity broaching equivocates recapitulates collocated divinize genic maladministering envied nappy incentives salvages cloverleaf plainsmen librettos inflamers neutrons accelerates gormands elidible tutorship registership fieldpieces uncloak mktg culler preexisting pantomiming granaries yolked",http://www4.wiwiss.fu-berlin.de/bizer/bsbm/v01/vocabulary/ProductType,http://www4.wiwiss.fu-berlin.de/bizer/bsbm/v01/instances/ProductType27
http://www4.wiwiss.fu-berlin.de/bizer/bsbm/v01/instances/ProductType96,"cluttered horded voter","cynically raincoats pulpits pods hankie lengthily guiltily flossier defamed peels underemphasized whited regulations disused drainpipe realignment generative droopiest reship elucidation clunkers renouncements browns workmaster panaches disassociate stretched hopes subnormally xanthippe hemistich inquired stalled",http://www4.wiwiss.fu-berlin.de/bizer/bsbm/v01/vocabulary/ProductType,http://www4.wiwiss.fu-berlin.de/bizer/bsbm/v01/instances/ProductType28
http://www4.wiwiss.fu-berlin.de/bizer/bsbm/v01/instances/ProductType97,"utilizers improvisational focalises","reallotting sulfating pastellist industrialist brayer secludedness tureens sullenly dissatisfied trifocals muonic preappearances superintend unrewarding purity intuitions daysides contractors smilaxes miscognizant wheelwrights obtrusions blithering qui ritzy basing righteousness procathedrals getters hickeys showgirls warmths",http://www4.wiwiss.fu-berlin.de/bizer/bsbm/v01/vocabulary/ProductType,http://www4.wiwiss.fu-berlin.de/bizer/bsbm/v01/instances/ProductType28
http://www4.wiwiss.fu-berlin.de/bizer/bsbm/v01/instances/ProductType98,"theaters quinces","fistic rereads archaizing exscinding semisatirically appendectomies amendatory siglos lignins scrabbled grunters harmoniousness servings tossers bountifulness arisings exampling residually unavoidableness toadflaxes aggravates indissolubly quizzer catamount",http://www4.wiwiss.fu-berlin.de/bizer/bsbm/v01/vocabulary/ProductType,http://www4.wiwiss.fu-berlin.de/bizer/bsbm/v01/instances/ProductType29
http://www4.wiwiss.fu-berlin.de/bizer/bsbm/v01/instances/ProductType99,"probed","corrupted executer scalars replanning unartfulness enfeoffing whoresons decrial bumming auf devein demurs babul underlined undemonstrably requestor keister oversold leafstalks obscurest noire whoso kindheartedly conjugators outgoing counteroffensives papuan",http://www4.wiwiss.fu-berlin.de/bizer/bsbm/v01/vocabulary/ProductType,http://www4.wiwiss.fu-berlin.de/bizer/bsbm/v01/instances/ProductType29
