subject,name,mbox_sha1sum,country
http://www4.wiwiss.fu-berlin.de/bizer/bsbm/v01/instances/dataFromRatingSite1/Reviewer380,"Rostislava-Takanibu","e5ae13ad29211f3527cd3c35871bb116153a76",http://downlode.org/rdf/iso-3166/countries#US
http://www4.wiwiss.fu-berlin.de/bizer/bsbm/v01/instances/dataFromRatingSite1/Reviewer381,"Enceladus-Kailey","f22fba4c67d6386f4fb619912bfbd3e7940c1b2",http://downlode.org/rdf/iso-3166/countries#RU
http://www4.wiwiss.fu-berlin.de/bizer/bsbm/v01/instances/dataFromRatingSite1/Reviewer382,"Milka-Pornwadee","36e28e442cf07df7ebdc6c1c4eefc0f2977be63",http://downlode.org/rdf/iso-3166/countries#JP
http://www4.wiwiss.fu-berlin.de/bizer/bsbm/v01/instances/dataFromRatingSite1/Reviewer383,"Kaori-Gratia","1404c5f241d95bec25f53910ab14c5fcdc2971",http://downlode.org/rdf/iso-3166/countries#CN
http://www4.wiwiss.fu-berlin.de/bizer/bsbm/v01/instances/dataFromRatingSite1/Reviewer384,"Lisabet","16909a58ead6b52e311ee0e8e3a6adca82512613",http://downlode.org/rdf/iso-3166/countries#ES
http://www4.wiwiss.fu-berlin.de/bizer/bsbm/v01/instances/dataFromRatingSite1/Reviewer385,"Toshiki-Agafya","dc4e3c51ec37026322973aeaf9cdee96cb0f2b",http://downlode.org/rdf/iso-3166/countries#US
http://www4.wiwiss.fu-berlin.de/bizer/bsbm/v01/instances/dataFromRatingSite1/Reviewer386,"Zoltar-Thanatos","5612718fc8988cfbca112b941e41e4455a8c6f8b",http://downlode.org/rdf/iso-3166/countries#US
http://www4.wiwiss.fu-berlin.de/bizer/bsbm/v01/instances/dataFromRatingSite1/Reviewer387,"Laurencia-Vlada","95c8949f13e92184b7ade523f295d67fb36a58a",http://downlode.org/rdf/iso-3166/countries#FR
http://www4.wiwiss.fu-berlin.de/bizer/bsbm/v01/instances/dataFromRatingSite1/Reviewer420,"Garrett-Myshka","34e794876145939fd3dee78ba459bac80e1",http://downlode.org/rdf/iso-3166/countries#GB
http://www4.wiwiss.fu-berlin.de/bizer/bsbm/v01/instances/dataFromRatingSite1/Reviewer388,"Effi-Evdoksiia","63699bf6ccda394ca4657e87951ffc7e2d41c6c",http://downlode.org/rdf/iso-3166/countries#US
http://www4.wiwiss.fu-berlin.de/bizer/bsbm/v01/instances/dataFromRatingSite1/Reviewer421,"Oleksandra-Kylee","983ba949d1e1d7f849ccce13168d055e32a6260",http://downlode.org/rdf/iso-3166/countries#JP
http://www4.wiwiss.fu-berlin.de/bizer/bsbm/v01/instances/dataFromRatingSite1/Reviewer389,"Gabriela-Aderes","b0a0ccd9d110dac1c39a6711909e365a838a893f",http://downlode.org/rdf/iso-3166/countries#US
http://www4.wiwiss.fu-berlin.de/bizer/bsbm/v01/instances/dataFromRatingSite1/Reviewer422,"Carlie-Izar","ff6de285f9567dbda345facb8859da1a82493b1",http://downlode.org/rdf/iso-3166/countries#US
http://www4.wiwiss.fu-berlin.de/bizer/bsbm/v01/instances/dataFromRatingSite1/Reviewer423,"Roana-Cyneburga","1eebc9a96d01365588dc7dcde6eeca3d8e61e20",http://downlode.org/rdf/iso-3166/countries#GB
http://www4.wiwiss.fu-berlin.de/bizer/bsbm/v01/instances/dataFromRatingSite1/Reviewer424,"Toku-Ernestine","97a0df752fb843351ef194823bb13ad7e0226d7d",http://downlode.org/rdf/iso-3166/countries#US
http://www4.wiwiss.fu-berlin.de/bizer/bsbm/v01/instances/dataFromRatingSite1/Reviewer425,"Antony-Naseema","3d7b07aa7704312749b3adbebd7dd53c03796",http://downlode.org/rdf/iso-3166/countries#FR
http://www4.wiwiss.fu-berlin.de/bizer/bsbm/v01/instances/dataFromRatingSite1/Reviewer426,"Breyona-Gandaza","a624281c3fed3349c2e4c42c74333b273cc822a",http://downlode.org/rdf/iso-3166/countries#US
http://www4.wiwiss.fu-berlin.de/bizer/bsbm/v01/instances/dataFromRatingSite1/Reviewer427,"Liubchanina-Ksena","da57b05e97278fef1dc578c74b10faa571d694d2",http://downlode.org/rdf/iso-3166/countries#ES
http://www4.wiwiss.fu-berlin.de/bizer/bsbm/v01/instances/dataFromRatingSite1/Reviewer10,"Shareese-Amaya","b1b62cd4c3e595823a4787abec9511ca5e512f",http://downlode.org/rdf/iso-3166/countries#CN
http://www4.wiwiss.fu-berlin.de/bizer/bsbm/v01/instances/dataFromRatingSite1/Reviewer428,"Nikolos-Wilhelmine","4852c2ac32cbfcddd95486e233f3e4704fb0753c",http://downlode.org/rdf/iso-3166/countries#US
http://www4.wiwiss.fu-berlin.de/bizer/bsbm/v01/instances/dataFromRatingSite1/Reviewer11,"Fona-Ivanova","5ac0708075b562f09047d8f9e8a98f8127ba7f30",http://downlode.org/rdf/iso-3166/countries#US
http://www4.wiwiss.fu-berlin.de/bizer/bsbm/v01/instances/dataFromRatingSite1/Reviewer429,"Dantae","c857ad13a12516c59efa2e7629296970b0eed53f",http://downlode.org/rdf/iso-3166/countries#AT
http://www4.wiwiss.fu-berlin.de/bizer/bsbm/v01/instances/dataFromRatingSite1/Reviewer12,"Hachiro-Albanwr","248e8e3b4c9c9826dacc20891fb9c96273bf89",http://downlode.org/rdf/iso-3166/countries#DE
http://www4.wiwiss.fu-berlin.de/bizer/bsbm/v01/instances/dataFromRatingSite1/Reviewer13,"Inka-Shunsho","d7d8bede5958eaeadbf7ddb84216fb2e6593dbd",http://downlode.org/rdf/iso-3166/countries#CN
http://www4.wiwiss.fu-berlin.de/bizer/bsbm/v01/instances/dataFromRatingSite1/Reviewer14,"Leonarda-Ajanta","cf43b31540d2f8e06cd35dd725801aa44a5b37",http://downlode.org/rdf/iso-3166/countries#CN
http://www4.wiwiss.fu-berlin.de/bizer/bsbm/v01/instances/dataFromRatingSite1/Reviewer15,"Kirtana","4f847a257dac989e7513215cf3a542e5a5ff53",http://downlode.org/rdf/iso-3166/countries#ES
http://www4.wiwiss.fu-berlin.de/bizer/bsbm/v01/instances/dataFromRatingSite1/Reviewer16,"Viviane-Stephano","352770522f4f90c88137a682982764ab9facf98",http://downlode.org/rdf/iso-3166/countries#US
http://www4.wiwiss.fu-berlin.de/bizer/bsbm/v01/instances/dataFromRatingSite1/Reviewer17,"Domiziana-Emilee","69c82fc565989f67d3ec2d5fa65259c7502ab62b",http://downlode.org/rdf/iso-3166/countries#GB
http://www4.wiwiss.fu-berlin.de/bizer/bsbm/v01/instances/dataFromRatingSite1/Reviewer18,"Emmy","ddb571d54b193e6bdc275cbe34e402a6ca9ece",http://downlode.org/rdf/iso-3166/countries#RU
http://www4.wiwiss.fu-berlin.de/bizer/bsbm/v01/instances/dataFromRatingSite1/Reviewer19,"Lucinde-Titania","d48e27c4df556489f2af18b7f88214364b2f14e",http://downlode.org/rdf/iso-3166/countries#US
http://www4.wiwiss.fu-berlin.de/bizer/bsbm/v01/instances/dataFromRatingSite1/Reviewer390,"Kostenka","eaaf1d4e1e5bff7beab38f2d761545c7b2aa3bf",http://downlode.org/rdf/iso-3166/countries#US
http://www4.wiwiss.fu-berlin.de/bizer/bsbm/v01/instances/dataFromRatingSite1/Reviewer391,"Nali-Amphiaraus","71f8da09e869de28d5088adf6403653966dfd89",http://downlode.org/rdf/iso-3166/countries#DE
http://www4.wiwiss.fu-berlin.de/bizer/bsbm/v01/instances/dataFromRatingSite1/Reviewer392,"Efdokia-Sashana","4be44c4dc69d5a34014f871a792af91ef606e8c",http://downlode.org/rdf/iso-3166/countries#US
http://www4.wiwiss.fu-berlin.de/bizer/bsbm/v01/instances/dataFromRatingSite1/Reviewer393,"Aimila-LaShawn","b394fdc9e215e9472c7ad8e1dd711fe6faf258",http://downlode.org/rdf/iso-3166/countries#RU
http://www4.wiwiss.fu-berlin.de/bizer/bsbm/v01/instances/dataFromRatingSite1/Reviewer394,"Eleena-Bozena","44b8bc5118fecb8eaef18885601acb31e72d71e8",http://downlode.org/rdf/iso-3166/countries#RU
http://www4.wiwiss.fu-berlin.de/bizer/bsbm/v01/instances/dataFromRatingSite1/Reviewer395,"Ianevaia","7b22c4b7e8aa811f269e4c337d51e0284a9a2e14",http://downlode.org/rdf/iso-3166/countries#JP
http://www4.wiwiss.fu-berlin.de/bizer/bsbm/v01/instances/dataFromRatingSite1/Reviewer396,"Kallista-Evanthia","edb48db377e3b4df310390aaebfb321ada40f6",http://downlode.org/rdf/iso-3166/countries#US
http://www4.wiwiss.fu-berlin.de/bizer/bsbm/v01/instances/dataFromRatingSite1/Reviewer397,"Oeneus-Zabela","32353b8eb4c92884ad6e9e2ab664c4e126bb3d0",http://downlode.org/rdf/iso-3166/countries#US
http://www4.wiwiss.fu-berlin.de/bizer/bsbm/v01/instances/dataFromRatingSite1/Reviewer430,"Kikiliia-Garritt","f9bfb925302e28b9d10f86d10bff45639a07d32",http://downlode.org/rdf/iso-3166/countries#CN
http://www4.wiwiss.fu-berlin.de/bizer/bsbm/v01/instances/dataFromRatingSite1/Reviewer398,"Aashiyana-Tamia","334be8c09ae7869a9ef9aa25c79e98c27dd29c",http://downlode.org/rdf/iso-3166/countries#GB
http://www4.wiwiss.fu-berlin.de/bizer/bsbm/v01/instances/dataFromRatingSite1/Reviewer431,"Alessandra-Madelynn","89708ae3b7ae6358ebc677089af5b6111b593b",http://downlode.org/rdf/iso-3166/countries#US
http://www4.wiwiss.fu-berlin.de/bizer/bsbm/v01/instances/dataFromRatingSite1/Reviewer399,"Taji","c78950a9944115a1f4c87f6b67f87ca2757d6e5",http://downlode.org/rdf/iso-3166/countries#CN
http://www4.wiwiss.fu-berlin.de/bizer/bsbm/v01/instances/dataFromRatingSite1/Reviewer432,"Cathrine-Bettine","1bb97e2e3cbc960ea742afc44f8d0a5ee943097",http://downlode.org/rdf/iso-3166/countries#CN
http://www4.wiwiss.fu-berlin.de/bizer/bsbm/v01/instances/dataFromRatingSite1/Reviewer433,"Kirstan-Lynna","ed7e25c86d074376ff030ba9ccb7558c0fd4b8b",http://downlode.org/rdf/iso-3166/countries#CN
http://www4.wiwiss.fu-berlin.de/bizer/bsbm/v01/instances/dataFromRatingSite1/Reviewer434,"Tricia-Dieta","b8eca59161e66291beafa90a738b67af3e3dc65",http://downlode.org/rdf/iso-3166/countries#ES
http://www4.wiwiss.fu-berlin.de/bizer/bsbm/v01/instances/dataFromRatingSite1/Reviewer435,"Eurystheus-Ashlie","e8bbbb21dfbc354609ba0bbe627435d1e3b7f",http://downlode.org/rdf/iso-3166/countries#ES
http://www4.wiwiss.fu-berlin.de/bizer/bsbm/v01/instances/dataFromRatingSite1/Reviewer436,"Nyoko","5915184d7969e1fc5ee9eaae516956ceac918a96",http://downlode.org/rdf/iso-3166/countries#GB
http://www4.wiwiss.fu-berlin.de/bizer/bsbm/v01/instances/dataFromRatingSite1/Reviewer437,"Electra-Dietgard","f8b32e515d8c2b144158c7b7f5bef1dd2988bd",http://downlode.org/rdf/iso-3166/countries#JP
http://www4.wiwiss.fu-berlin.de/bizer/bsbm/v01/instances/dataFromRatingSite1/Reviewer20,"Hostena-Yasmin","3e7618776fbf90d8e36e36dd2d47b01db4ca12ee",http://downlode.org/rdf/iso-3166/countries#US
http://www4.wiwiss.fu-berlin.de/bizer/bsbm/v01/instances/dataFromRatingSite1/Reviewer438,"Joline-Takecia","fe78df71f96c16e55a9e9dc38cbe3d146b945",http://downlode.org/rdf/iso-3166/countries#US
http://www4.wiwiss.fu-berlin.de/bizer/bsbm/v01/instances/dataFromRatingSite1/Reviewer21,"Analee-Lorenz","2673c92021ceef548cb8cef9a6b2f3e5d68e3732",http://downlode.org/rdf/iso-3166/countries#RU
http://www4.wiwiss.fu-berlin.de/bizer/bsbm/v01/instances/dataFromRatingSite1/Reviewer439,"Maiko-Shawnte","144d1d22245c4a265030eb4dcc39c356794b7dae",http://downlode.org/rdf/iso-3166/countries#US
http://www4.wiwiss.fu-berlin.de/bizer/bsbm/v01/instances/dataFromRatingSite1/Reviewer22,"Toichi-Pavlya","8fa471f09b1012d0672e21cc0da35792b6c6c8",http://downlode.org/rdf/iso-3166/countries#RU
http://www4.wiwiss.fu-berlin.de/bizer/bsbm/v01/instances/dataFromRatingSite1/Reviewer23,"Analeigh-Oda","f3bc5a3c28d554c44334b65af662762223bbf21",http://downlode.org/rdf/iso-3166/countries#CN
http://www4.wiwiss.fu-berlin.de/bizer/bsbm/v01/instances/dataFromRatingSite1/Reviewer24,"Danja-Hroswitha","c4e833a6bf747be1388b7be259ec961804840",http://downlode.org/rdf/iso-3166/countries#CN
http://www4.wiwiss.fu-berlin.de/bizer/bsbm/v01/instances/dataFromRatingSite1/Reviewer25,"Christophe-Vizelin","3289175afc88b43dbf8a30cffd93c19e9e5d89c",http://downlode.org/rdf/iso-3166/countries#ES
http://www4.wiwiss.fu-berlin.de/bizer/bsbm/v01/instances/dataFromRatingSite1/Reviewer26,"Autolycus-Christy","d53feddada5f097e433cbdb88d4541a57ccc61b",http://downlode.org/rdf/iso-3166/countries#CN
http://www4.wiwiss.fu-berlin.de/bizer/bsbm/v01/instances/dataFromRatingSite1/Reviewer27,"Constantin-Vasilis","56577629d67583ce80d0b1dd3378a6e31269f8e",http://downlode.org/rdf/iso-3166/countries#US
http://www4.wiwiss.fu-berlin.de/bizer/bsbm/v01/instances/dataFromRatingSite1/Reviewer28,"Hemanti-Suhaila","df92c11b573a81b63868e74afca7cd62374bb",http://downlode.org/rdf/iso-3166/countries#ES
http://www4.wiwiss.fu-berlin.de/bizer/bsbm/v01/instances/dataFromRatingSite1/Reviewer29,"Bogumezt-Kanaka","95d8de2d4843ae396f2a64ec65d2144adcc17",http://downlode.org/rdf/iso-3166/countries#US
http://www4.wiwiss.fu-berlin.de/bizer/bsbm/v01/instances/dataFromRatingSite1/Reviewer440,"Apei-Charybdis","8a7dc1d4fef0175c20c1da8cbcd1ace3ea24a7c",http://downlode.org/rdf/iso-3166/countries#US
http://www4.wiwiss.fu-berlin.de/bizer/bsbm/v01/instances/dataFromRatingSite1/Reviewer441,"Kristion-Adley","0ae6a7280fdfc2e733720cbb57f6f44a3f94297",http://downlode.org/rdf/iso-3166/countries#FR
http://www4.wiwiss.fu-berlin.de/bizer/bsbm/v01/instances/dataFromRatingSite1/Reviewer442,"Jolie-Natassia","5248949bcd2ec19a5dd75de186186ac7526db",http://downlode.org/rdf/iso-3166/countries#KR
http://www4.wiwiss.fu-berlin.de/bizer/bsbm/v01/instances/dataFromRatingSite1/Reviewer443,"Miloslava-Acacia","e597087c2b0ce81c07fc7b4c3911b9181385973",http://downlode.org/rdf/iso-3166/countries#AT
http://www4.wiwiss.fu-berlin.de/bizer/bsbm/v01/instances/dataFromRatingSite1/Reviewer444,"Voleta-Raissa","32d46fda12c2f395294a7a6cc8d95a786d19ee",http://downlode.org/rdf/iso-3166/countries#US
http://www4.wiwiss.fu-berlin.de/bizer/bsbm/v01/instances/dataFromRatingSite1/Reviewer445,"Ludka","69a7a08654d84e98e23fce3964476922f0b8b28a",http://downlode.org/rdf/iso-3166/countries#US
http://www4.wiwiss.fu-berlin.de/bizer/bsbm/v01/instances/dataFromRatingSite1/Reviewer446,"Min-Vantrice","ad4f313ef2b1aa9485672e8a7ecf261f3fff13",http://downlode.org/rdf/iso-3166/countries#GB
http://www4.wiwiss.fu-berlin.de/bizer/bsbm/v01/instances/dataFromRatingSite1/Reviewer447,"Coireall-Jurgisr","40fbd9457497bbceb8a526cd7be7a9b83de675a5",http://downlode.org/rdf/iso-3166/countries#CN
http://www4.wiwiss.fu-berlin.de/bizer/bsbm/v01/instances/dataFromRatingSite1/Reviewer30,"Raymon-Lonni","b2534cd33eabd6c745a8eaf139b63c4e476b0d0",http://downlode.org/rdf/iso-3166/countries#US
http://www4.wiwiss.fu-berlin.de/bizer/bsbm/v01/instances/dataFromRatingSite1/Reviewer448,"Lenny-Fukusaburu","4499f5287b672ba8c5faf22adeddd35ea7efdd81",http://downlode.org/rdf/iso-3166/countries#ES
http://www4.wiwiss.fu-berlin.de/bizer/bsbm/v01/instances/dataFromRatingSite1/Reviewer31,"Timoteo-Naaji","eaae1d564d4ad61e5d4fb22f6da986a320d6d59",http://downlode.org/rdf/iso-3166/countries#CN
http://www4.wiwiss.fu-berlin.de/bizer/bsbm/v01/instances/dataFromRatingSite1/Reviewer449,"Alik-Bronwen","456c84067dfc39c1d7fc598ea126962f1eb3afd",http://downlode.org/rdf/iso-3166/countries#CN
http://www4.wiwiss.fu-berlin.de/bizer/bsbm/v01/instances/dataFromRatingSite1/Reviewer32,"Anasooya","b2f761fe6e5de12eabb1df9464da2abcef3fc",http://downlode.org/rdf/iso-3166/countries#FR
http://www4.wiwiss.fu-berlin.de/bizer/bsbm/v01/instances/dataFromRatingSite1/Reviewer33,"Malachy-Takis","6082fbc6e781a9551632dd24b9b1378ae76359",http://downlode.org/rdf/iso-3166/countries#US
http://www4.wiwiss.fu-berlin.de/bizer/bsbm/v01/instances/dataFromRatingSite1/Reviewer34,"Iaroia-Shabaan","f46c6455a996257b7048b0bcd5e5994e8944e5",http://downlode.org/rdf/iso-3166/countries#CN
http://www4.wiwiss.fu-berlin.de/bizer/bsbm/v01/instances/dataFromRatingSite1/Reviewer35,"Afonaseva","8355b64cf1c258c6afe9f9b6e58ce2bded1e8",http://downlode.org/rdf/iso-3166/countries#US
http://www4.wiwiss.fu-berlin.de/bizer/bsbm/v01/instances/dataFromRatingSite1/Reviewer36,"Tabora-Blanco","5f90a08330f16914ac6bc9bfe508d908fe470cf",http://downlode.org/rdf/iso-3166/countries#FR
http://www4.wiwiss.fu-berlin.de/bizer/bsbm/v01/instances/dataFromRatingSite1/Reviewer37,"Sepat-Jelizaveta","566351cb374ad85496a6858d9f8b264491ab83f",http://downlode.org/rdf/iso-3166/countries#DE
http://www4.wiwiss.fu-berlin.de/bizer/bsbm/v01/instances/dataFromRatingSite1/Reviewer38,"Amrusha-Ester","9ff48d9c58e021d1648b10f9d2bd53e06dd42e9",http://downlode.org/rdf/iso-3166/countries#US
http://www4.wiwiss.fu-berlin.de/bizer/bsbm/v01/instances/dataFromRatingSite1/Reviewer39,"Toson-Seki","d6f446542455c6d3192a7d1f48163fcd5bc68788",http://downlode.org/rdf/iso-3166/countries#DE
http://www4.wiwiss.fu-berlin.de/bizer/bsbm/v01/instances/dataFromRatingSite1/Reviewer450,"Toyshika-Joaquina","68a61398939fd8cf85de94d03d705e5c74eefbc2",http://downlode.org/rdf/iso-3166/countries#FR
http://www4.wiwiss.fu-berlin.de/bizer/bsbm/v01/instances/dataFromRatingSite1/Reviewer451,"Linde-Asenette","555199de51cf1397e3bd5afad8a6983cd4c6664",http://downlode.org/rdf/iso-3166/countries#GB
http://www4.wiwiss.fu-berlin.de/bizer/bsbm/v01/instances/dataFromRatingSite1/Reviewer452,"Ethelgard-Dennard","8bffb17b952cd94d3ffa43a6cc6c2231cf8f57d",http://downlode.org/rdf/iso-3166/countries#RU
http://www4.wiwiss.fu-berlin.de/bizer/bsbm/v01/instances/dataFromRatingSite1/Reviewer453,"Zyta","cc5ea27b98394ab3434a89a7fa14467a7b25fc",http://downlode.org/rdf/iso-3166/countries#US
http://www4.wiwiss.fu-berlin.de/bizer/bsbm/v01/instances/dataFromRatingSite1/Reviewer454,"Papandrou-Tarozaemon","943cd43776dcd8e1cf6c3ae6b713781f5cc8f92a",http://downlode.org/rdf/iso-3166/countries#US
http://www4.wiwiss.fu-berlin.de/bizer/bsbm/v01/instances/dataFromRatingSite1/Reviewer455,"Deejay","c5fec88fc7a4ead4293cb1d84026442151ad320",http://downlode.org/rdf/iso-3166/countries#US
http://www4.wiwiss.fu-berlin.de/bizer/bsbm/v01/instances/dataFromRatingSite1/Reviewer456,"Egbert-Lucille","e27e709cf0425c1dd1e4d3fa1f2ebcd6ade457",http://downlode.org/rdf/iso-3166/countries#US
http://www4.wiwiss.fu-berlin.de/bizer/bsbm/v01/instances/dataFromRatingSite1/Reviewer457,"Tatianna-Makarius","d0ee398d4513924349436354fcdaf1837675af60",http://downlode.org/rdf/iso-3166/countries#CN
http://www4.wiwiss.fu-berlin.de/bizer/bsbm/v01/instances/dataFromRatingSite1/Reviewer40,"Aroghetto-Etelani","789eb2953c326020e49e1f07263ede51ddcd57",http://downlode.org/rdf/iso-3166/countries#US
http://www4.wiwiss.fu-berlin.de/bizer/bsbm/v01/instances/dataFromRatingSite1/Reviewer458,"Gaius-Carlton","e219296741073d42bee084dde4727b399b7773",http://downlode.org/rdf/iso-3166/countries#CN
http://www4.wiwiss.fu-berlin.de/bizer/bsbm/v01/instances/dataFromRatingSite1/Reviewer41,"Xylina","dc7d9962dbf470cc3d939cf312fa32e261da9aa9",http://downlode.org/rdf/iso-3166/countries#JP
http://www4.wiwiss.fu-berlin.de/bizer/bsbm/v01/instances/dataFromRatingSite1/Reviewer459,"Beth","ba6a8212c4d38d6957b058ced31982f9671b5",http://downlode.org/rdf/iso-3166/countries#US
http://www4.wiwiss.fu-berlin.de/bizer/bsbm/v01/instances/dataFromRatingSite1/Reviewer42,"Kura-Janette","8fd7f2b39363523abfa5a7c848a2cf56dfd3542f",http://downlode.org/rdf/iso-3166/countries#CN
http://www4.wiwiss.fu-berlin.de/bizer/bsbm/v01/instances/dataFromRatingSite1/Reviewer43,"Edmund-Nabeela","7d5a293ce699cc1ddc7becf75fd0f416b412f68",http://downlode.org/rdf/iso-3166/countries#US
http://www4.wiwiss.fu-berlin.de/bizer/bsbm/v01/instances/dataFromRatingSite1/Reviewer44,"Ignacia","b952e96938dc5aeac624bc142d956c6591e95825",http://downlode.org/rdf/iso-3166/countries#GB
http://www4.wiwiss.fu-berlin.de/bizer/bsbm/v01/instances/dataFromRatingSite1/Reviewer45,"Manu-Liron","fe795e1015f04a25c0b9a518465217efc13ae5b",http://downlode.org/rdf/iso-3166/countries#ES
http://www4.wiwiss.fu-berlin.de/bizer/bsbm/v01/instances/dataFromRatingSite1/Reviewer46,"Ezgi","80fafc7186c30949963512c2a70c844b9cc7d19",http://downlode.org/rdf/iso-3166/countries#US
http://www4.wiwiss.fu-berlin.de/bizer/bsbm/v01/instances/dataFromRatingSite1/Reviewer47,"Gebharde-Yumako","5a2df4fecaf1869c7c9a7f30dc718a46f3e6a25e",http://downlode.org/rdf/iso-3166/countries#CN
http://www4.wiwiss.fu-berlin.de/bizer/bsbm/v01/instances/dataFromRatingSite1/Reviewer48,"Labeeb-Tonasha","10d7054344f8c4ccf737985175845b7b2c14fe",http://downlode.org/rdf/iso-3166/countries#GB
http://www4.wiwiss.fu-berlin.de/bizer/bsbm/v01/instances/dataFromRatingSite1/Reviewer49,"Patrice-Aristea","c455ec1c3645539f58ecea2c0d24fa225c2309",http://downlode.org/rdf/iso-3166/countries#DE
http://www4.wiwiss.fu-berlin.de/bizer/bsbm/v01/instances/dataFromRatingSite1/Reviewer100,"Bolemila-Settan","2098151fe739efa55f70a89c59c4a3bad354e",http://downlode.org/rdf/iso-3166/countries#US
http://www4.wiwiss.fu-berlin.de/bizer/bsbm/v01/instances/dataFromRatingSite1/Reviewer460,"Brisa-Hachemon","113d09a4d5ba52d7fd9c1667a279c1511bd79",http://downlode.org/rdf/iso-3166/countries#GB
http://www4.wiwiss.fu-berlin.de/bizer/bsbm/v01/instances/dataFromRatingSite1/Reviewer101,"Lottie-Lorie","76626b49375056b876351d5a834259b657295e",http://downlode.org/rdf/iso-3166/countries#FR
http://www4.wiwiss.fu-berlin.de/bizer/bsbm/v01/instances/dataFromRatingSite1/Reviewer461,"Saami-Emst","ad8ef63a5ae6597e9ad86b6996d0352f6b3a3d7e",http://downlode.org/rdf/iso-3166/countries#US
http://www4.wiwiss.fu-berlin.de/bizer/bsbm/v01/instances/dataFromRatingSite1/Reviewer102,"Kynlas-Liselene","cbb1934ed74896815d411a22ce14669823e9965b",http://downlode.org/rdf/iso-3166/countries#JP
http://www4.wiwiss.fu-berlin.de/bizer/bsbm/v01/instances/dataFromRatingSite1/Reviewer462,"Michihiro","c6fa987f33c03c41952866222f0ccae37f71865",http://downlode.org/rdf/iso-3166/countries#US
http://www4.wiwiss.fu-berlin.de/bizer/bsbm/v01/instances/dataFromRatingSite1/Reviewer103,"Wigand","ca5e384aa04ccecbbd505cc33387b7426a5af61",http://downlode.org/rdf/iso-3166/countries#CN
http://www4.wiwiss.fu-berlin.de/bizer/bsbm/v01/instances/dataFromRatingSite1/Reviewer463,"Delilah-Robert","66868a2542935cb4d7306bc411209af599e3d70",http://downlode.org/rdf/iso-3166/countries#ES
http://www4.wiwiss.fu-berlin.de/bizer/bsbm/v01/instances/dataFromRatingSite1/Reviewer104,"Gualtier-Ievlia","0af59d462d7eee0f3d4989f6b339d4480437a72",http://downlode.org/rdf/iso-3166/countries#US
http://www4.wiwiss.fu-berlin.de/bizer/bsbm/v01/instances/dataFromRatingSite1/Reviewer464,"Armand","97273415b665d6453567160f4f9ac7a1d2ea280",http://downlode.org/rdf/iso-3166/countries#JP
http://www4.wiwiss.fu-berlin.de/bizer/bsbm/v01/instances/dataFromRatingSite1/Reviewer105,"Norie-Hanna","10ea49a925b1d393188af831bdc4fefa8ac734f5",http://downlode.org/rdf/iso-3166/countries#US
http://www4.wiwiss.fu-berlin.de/bizer/bsbm/v01/instances/dataFromRatingSite1/Reviewer465,"Gormant-Christie","6d287fb69b65de67e86aa4cbeb82a803e2ba6",http://downlode.org/rdf/iso-3166/countries#FR
http://www4.wiwiss.fu-berlin.de/bizer/bsbm/v01/instances/dataFromRatingSite1/Reviewer106,"Solomon-Sanjiv","682c9b3d87f6ded8914927a927c7943d472a588",http://downlode.org/rdf/iso-3166/countries#CN
http://www4.wiwiss.fu-berlin.de/bizer/bsbm/v01/instances/dataFromRatingSite1/Reviewer466,"Fee-Deja","7e6e748c1b8a6c6c6268b1fd2b4d7a5706eba9d",http://downlode.org/rdf/iso-3166/countries#US
http://www4.wiwiss.fu-berlin.de/bizer/bsbm/v01/instances/dataFromRatingSite1/Reviewer107,"Kimberly-Katsuyuki","e5aef19b52e57ad3e4cb212931106fb5484ef1b5",http://downlode.org/rdf/iso-3166/countries#US
http://www4.wiwiss.fu-berlin.de/bizer/bsbm/v01/instances/dataFromRatingSite1/Reviewer467,"Absolan-Galena","0f6c93ec33c1fca4a05e199ef5274cc3cc9fc3",http://downlode.org/rdf/iso-3166/countries#US
http://www4.wiwiss.fu-berlin.de/bizer/bsbm/v01/instances/dataFromRatingSite1/Reviewer108,"Gisella","2acf2612af8b54dcbe9b638ca82c62b6721459e",http://downlode.org/rdf/iso-3166/countries#ES
http://www4.wiwiss.fu-berlin.de/bizer/bsbm/v01/instances/dataFromRatingSite1/Reviewer50,"Gonkuro-Usagi","d9947134c39570b89b44504435244b86e73473e",http://downlode.org/rdf/iso-3166/countries#GB
http://www4.wiwiss.fu-berlin.de/bizer/bsbm/v01/instances/dataFromRatingSite1/Reviewer500,"Takechi-Ianka","24f56ddb6f921c6146fc53eaf938a8ce2d0dc",http://downlode.org/rdf/iso-3166/countries#CN
http://www4.wiwiss.fu-berlin.de/bizer/bsbm/v01/instances/dataFromRatingSite1/Reviewer468,"Berenike-Katalyn","31217eef6d4be8a1ecaff08478a0ddf164791534",http://downlode.org/rdf/iso-3166/countries#US
http://www4.wiwiss.fu-berlin.de/bizer/bsbm/v01/instances/dataFromRatingSite1/Reviewer109,"Oksiutka-Gail","6bce65f0fecadd8eab4c4aa1dfcc91f2a5aa37",http://downlode.org/rdf/iso-3166/countries#US
http://www4.wiwiss.fu-berlin.de/bizer/bsbm/v01/instances/dataFromRatingSite1/Reviewer51,"Maron-Cristie","58fb3b9f1af31df0613ce668245778a8aef5672",http://downlode.org/rdf/iso-3166/countries#JP
http://www4.wiwiss.fu-berlin.de/bizer/bsbm/v01/instances/dataFromRatingSite1/Reviewer501,"Ptolemy-Hiram","bc6b8672b7d90b02c38d74643e9479e9febf561",http://downlode.org/rdf/iso-3166/countries#US
http://www4.wiwiss.fu-berlin.de/bizer/bsbm/v01/instances/dataFromRatingSite1/Reviewer469,"Nanie-Vitalis","86f0c294f75cdde843e32743d74138808fffef",http://downlode.org/rdf/iso-3166/countries#US
http://www4.wiwiss.fu-berlin.de/bizer/bsbm/v01/instances/dataFromRatingSite1/Reviewer52,"Nehemiah-Charitas","8cd4fd312c3cf47202de7a398521b4511b388a8",http://downlode.org/rdf/iso-3166/countries#RU
http://www4.wiwiss.fu-berlin.de/bizer/bsbm/v01/instances/dataFromRatingSite1/Reviewer502,"Kioko-Tania","9e16c4382778f4d17bb58fce58b3584bfcdabe0",http://downlode.org/rdf/iso-3166/countries#DE
http://www4.wiwiss.fu-berlin.de/bizer/bsbm/v01/instances/dataFromRatingSite1/Reviewer53,"Trinika-Nelson","7043b910a888a4853d314692877538322ae89",http://downlode.org/rdf/iso-3166/countries#JP
http://www4.wiwiss.fu-berlin.de/bizer/bsbm/v01/instances/dataFromRatingSite1/Reviewer503,"Yngve-Eustace","dfc61231b43cb2ea14ff9a3c59af6958a5e7a",http://downlode.org/rdf/iso-3166/countries#JP
http://www4.wiwiss.fu-berlin.de/bizer/bsbm/v01/instances/dataFromRatingSite1/Reviewer54,"Panteleimon-Reyene","65dcf8c82498cdea996225a7cf5f1a5d6172a41",http://downlode.org/rdf/iso-3166/countries#JP
http://www4.wiwiss.fu-berlin.de/bizer/bsbm/v01/instances/dataFromRatingSite1/Reviewer55,"Ziven","86b1fcfdd775b3134b527c5d7ca847368ed0fda",http://downlode.org/rdf/iso-3166/countries#JP
http://www4.wiwiss.fu-berlin.de/bizer/bsbm/v01/instances/dataFromRatingSite1/Reviewer56,"Katerinka-Vanmra","7c28352b31f273cf6072bc0ee215d3cc84feff",http://downlode.org/rdf/iso-3166/countries#KR
http://www4.wiwiss.fu-berlin.de/bizer/bsbm/v01/instances/dataFromRatingSite1/Reviewer57,"Prokopios","d4eed27ecd0513a17b8dd5ecd3573b7640e6fb",http://downlode.org/rdf/iso-3166/countries#DE
http://www4.wiwiss.fu-berlin.de/bizer/bsbm/v01/instances/dataFromRatingSite1/Reviewer58,"Zameel-Hilaal","a234e8708512cecdafd3c219c724a72c5ba7bd30",http://downlode.org/rdf/iso-3166/countries#JP
http://www4.wiwiss.fu-berlin.de/bizer/bsbm/v01/instances/dataFromRatingSite1/Reviewer59,"Thaamir-Rashmika","58383a232e6237ebedc3d31444db2da414be8f",http://downlode.org/rdf/iso-3166/countries#KR
http://www4.wiwiss.fu-berlin.de/bizer/bsbm/v01/instances/dataFromRatingSite1/Reviewer1,"Ruggiero-Delane","fb3efd92e3c7a8d775a895ba476e11a3e8f3fac",http://downlode.org/rdf/iso-3166/countries#US
http://www4.wiwiss.fu-berlin.de/bizer/bsbm/v01/instances/dataFromRatingSite1/Reviewer2,"Eyana-Aurelianus","df1cf8e68d49e5b65f1507dbecec6b61e9dc98",http://downlode.org/rdf/iso-3166/countries#JP
http://www4.wiwiss.fu-berlin.de/bizer/bsbm/v01/instances/dataFromRatingSite1/Reviewer3,"Danijela-Adalbrand","9b9d4b8dcf7ada3c181b4bed1fa3c53d29caf65",http://downlode.org/rdf/iso-3166/countries#US
http://www4.wiwiss.fu-berlin.de/bizer/bsbm/v01/instances/dataFromRatingSite1/Reviewer4,"Allegra-Walburga","619b2f69a01a7d86c0eca3f5e910c5b559ff3a",http://downlode.org/rdf/iso-3166/countries#RU
http://www4.wiwiss.fu-berlin.de/bizer/bsbm/v01/instances/dataFromRatingSite1/Reviewer5,"Przemek-Berte","c3b1c82511908f706153319688a7a5599b8ad8c0",http://downlode.org/rdf/iso-3166/countries#ES
http://www4.wiwiss.fu-berlin.de/bizer/bsbm/v01/instances/dataFromRatingSite1/Reviewer6,"Caryn","d6deee088e99af0f7c65fb7cca9bdfbbe3d7343",http://downlode.org/rdf/iso-3166/countries#CN
http://www4.wiwiss.fu-berlin.de/bizer/bsbm/v01/instances/dataFromRatingSite1/Reviewer7,"Athalia-Diellza","fac79f4faa4c9a6b957d5f1380835a4dfb50",http://downlode.org/rdf/iso-3166/countries#JP
http://www4.wiwiss.fu-berlin.de/bizer/bsbm/v01/instances/dataFromRatingSite1/Reviewer8,"Linda-Nada","99f90881e5d24a14f913d8a961fd81c49686fa",http://downlode.org/rdf/iso-3166/countries#JP
http://www4.wiwiss.fu-berlin.de/bizer/bsbm/v01/instances/dataFromRatingSite1/Reviewer9,"Takiji-Yaphet","46953b16dbd382d824721e3078f8959596b17ab5",http://downlode.org/rdf/iso-3166/countries#JP
http://www4.wiwiss.fu-berlin.de/bizer/bsbm/v01/instances/dataFromRatingSite1/Reviewer110,"Hara-Vassa","6c54d69e1b6a6ed55ff059702c6f1a1dcc9d929f",http://downlode.org/rdf/iso-3166/countries#AT
http://www4.wiwiss.fu-berlin.de/bizer/bsbm/v01/instances/dataFromRatingSite1/Reviewer470,"Altagracia-Bianca","64888b893cfc12deb1dbe978b9f841b515cecf9",http://downlode.org/rdf/iso-3166/countries#CN
http://www4.wiwiss.fu-berlin.de/bizer/bsbm/v01/instances/dataFromRatingSite1/Reviewer111,"Fawiza-Celine","9abd2937669933ae0bfd3af5a6b571e2d850a2",http://downlode.org/rdf/iso-3166/countries#JP
http://www4.wiwiss.fu-berlin.de/bizer/bsbm/v01/instances/dataFromRatingSite1/Reviewer471,"Paolo-Jasia","a58ae771a9ba4a1633f43253fef6090dfed7683",http://downlode.org/rdf/iso-3166/countries#US
http://www4.wiwiss.fu-berlin.de/bizer/bsbm/v01/instances/dataFromRatingSite1/Reviewer112,"Pelageia-Dietha","7a71ad54df5588ed74867ea1cc479bb4dfa8e832",http://downlode.org/rdf/iso-3166/countries#US
http://www4.wiwiss.fu-berlin.de/bizer/bsbm/v01/instances/dataFromRatingSite1/Reviewer472,"Hareem-Rgine","a2e79b9367ef37c68bb67449aca75214c0157af5",http://downlode.org/rdf/iso-3166/countries#DE
http://www4.wiwiss.fu-berlin.de/bizer/bsbm/v01/instances/dataFromRatingSite1/Reviewer113,"Klarina","5777bfebc40bca0dfae9539c53dfd42a634",http://downlode.org/rdf/iso-3166/countries#US
http://www4.wiwiss.fu-berlin.de/bizer/bsbm/v01/instances/dataFromRatingSite1/Reviewer473,"Tino-Analeigh","d7497890781456a72b861b6d6fbb926eabab7",http://downlode.org/rdf/iso-3166/countries#US
http://www4.wiwiss.fu-berlin.de/bizer/bsbm/v01/instances/dataFromRatingSite1/Reviewer114,"Iune-Tupac","79d1ec87673b19e7edaca8c48a853de1a5b0e8ec",http://downlode.org/rdf/iso-3166/countries#AT
http://www4.wiwiss.fu-berlin.de/bizer/bsbm/v01/instances/dataFromRatingSite1/Reviewer474,"Carrola-Hemma","1214a1e1b417c43577ee1b94230ae9df3be2bf5",http://downlode.org/rdf/iso-3166/countries#US
http://www4.wiwiss.fu-berlin.de/bizer/bsbm/v01/instances/dataFromRatingSite1/Reviewer115,"Ineng-Juanisha","d86d2092fda29933efd45a26b223c1ea9dd1930",http://downlode.org/rdf/iso-3166/countries#US
http://www4.wiwiss.fu-berlin.de/bizer/bsbm/v01/instances/dataFromRatingSite1/Reviewer475,"Joerg-Niklaus","bcd8666d1526755d10e0fc1566aadf5e4ce45d4c",http://downlode.org/rdf/iso-3166/countries#GB
http://www4.wiwiss.fu-berlin.de/bizer/bsbm/v01/instances/dataFromRatingSite1/Reviewer116,"Filiz-Florin","c5cdd50e2d7659daf87f0e2f09689444898628e",http://downlode.org/rdf/iso-3166/countries#CN
http://www4.wiwiss.fu-berlin.de/bizer/bsbm/v01/instances/dataFromRatingSite1/Reviewer476,"Lyse","973eea2875adf1332d13baeb8b53a92343bf159",http://downlode.org/rdf/iso-3166/countries#US
http://www4.wiwiss.fu-berlin.de/bizer/bsbm/v01/instances/dataFromRatingSite1/Reviewer117,"Prebrana-Yayang","5368687fea7f5af4f031576c5a6221494aa745d3",http://downlode.org/rdf/iso-3166/countries#CN
http://www4.wiwiss.fu-berlin.de/bizer/bsbm/v01/instances/dataFromRatingSite1/Reviewer477,"Kaija-Anitchka","c24fe0a392cffdac4a730ba7b3fb50156aadec",http://downlode.org/rdf/iso-3166/countries#AT
http://www4.wiwiss.fu-berlin.de/bizer/bsbm/v01/instances/dataFromRatingSite1/Reviewer118,"Afra-Bohumile","f77ce4928d6c59eae248a968c474ea9a1eeb183",http://downlode.org/rdf/iso-3166/countries#GB
http://www4.wiwiss.fu-berlin.de/bizer/bsbm/v01/instances/dataFromRatingSite1/Reviewer60,"Ustiniia-Waseema","c097ce2ec2bf7ed110a45b19155a3043a13b7b25",http://downlode.org/rdf/iso-3166/countries#ES
http://www4.wiwiss.fu-berlin.de/bizer/bsbm/v01/instances/dataFromRatingSite1/Reviewer478,"Flaca-Irminwin","e731477f97d8ca2bf7dc71c1849b6e85dc51c3",http://downlode.org/rdf/iso-3166/countries#US
http://www4.wiwiss.fu-berlin.de/bizer/bsbm/v01/instances/dataFromRatingSite1/Reviewer61,"Caity-Louie","1366a68ed3cab4cbac8179cc38794198e1c4",http://downlode.org/rdf/iso-3166/countries#US
http://www4.wiwiss.fu-berlin.de/bizer/bsbm/v01/instances/dataFromRatingSite1/Reviewer119,"Iravati","7470536e3b98b63f2a7c3586c94f2c2fb918ac8c",http://downlode.org/rdf/iso-3166/countries#CN
http://www4.wiwiss.fu-berlin.de/bizer/bsbm/v01/instances/dataFromRatingSite1/Reviewer479,"Clmentine-Katreen","365768a2aca8694e521c5a1bd6b7003219f149",http://downlode.org/rdf/iso-3166/countries#KR
http://www4.wiwiss.fu-berlin.de/bizer/bsbm/v01/instances/dataFromRatingSite1/Reviewer62,"Laertes-Briddi","b88dbbbfa76aced688d6b52d998f1b186578eb37",http://downlode.org/rdf/iso-3166/countries#DE
http://www4.wiwiss.fu-berlin.de/bizer/bsbm/v01/instances/dataFromRatingSite1/Reviewer63,"Zaira-Procrustes","a0f061b54603ecc223e0ab16d62188264e4473",http://downlode.org/rdf/iso-3166/countries#RU
http://www4.wiwiss.fu-berlin.de/bizer/bsbm/v01/instances/dataFromRatingSite1/Reviewer64,"Verna-Thomasina","9b472268cc3619941f117b2ed86cdb7b43d3fc78",http://downlode.org/rdf/iso-3166/countries#DE
http://www4.wiwiss.fu-berlin.de/bizer/bsbm/v01/instances/dataFromRatingSite1/Reviewer65,"Lin-Anastagio","9b7e3dda3323a5d8d554cf2bc976f7c89072fcc6",http://downlode.org/rdf/iso-3166/countries#FR
http://www4.wiwiss.fu-berlin.de/bizer/bsbm/v01/instances/dataFromRatingSite1/Reviewer66,"Ulrich-Lambertinae","5ab15b11304c92a59e6036194b3742fefb9ddaa",http://downlode.org/rdf/iso-3166/countries#GB
http://www4.wiwiss.fu-berlin.de/bizer/bsbm/v01/instances/dataFromRatingSite1/Reviewer67,"Bairei-Michihiro","a8c0395a3b4bc2e0f7dbf7666558af5b73e136",http://downlode.org/rdf/iso-3166/countries#FR
http://www4.wiwiss.fu-berlin.de/bizer/bsbm/v01/instances/dataFromRatingSite1/Reviewer68,"Tessai-Ljubica","6d9abacc74df8ba31f5f3cd9e33b56f6b3a68116",http://downlode.org/rdf/iso-3166/countries#US
http://www4.wiwiss.fu-berlin.de/bizer/bsbm/v01/instances/dataFromRatingSite1/Reviewer69,"Ogrofena-Gelasius","2d18a4a8189424c837cdc86efbfaa38cececad28",http://downlode.org/rdf/iso-3166/countries#RU
http://www4.wiwiss.fu-berlin.de/bizer/bsbm/v01/instances/dataFromRatingSite1/Reviewer120,"Harsha-LaShonna","9697dce4f5f66cc72e93eda9417f74d979b3da7",http://downlode.org/rdf/iso-3166/countries#GB
http://www4.wiwiss.fu-berlin.de/bizer/bsbm/v01/instances/dataFromRatingSite1/Reviewer480,"Fumiki-Chriso","2dbbd2bd962f6bff2c5849b98b4d62056263c1",http://downlode.org/rdf/iso-3166/countries#CN
http://www4.wiwiss.fu-berlin.de/bizer/bsbm/v01/instances/dataFromRatingSite1/Reviewer121,"Luitgarde","2af535ead25acbf4fbdfa1416de414d3258c793",http://downlode.org/rdf/iso-3166/countries#RU
http://www4.wiwiss.fu-berlin.de/bizer/bsbm/v01/instances/dataFromRatingSite1/Reviewer481,"Maximiliano-Lutgarde","dbb52c93ec6d2925bde27a2c1f3d422b87e1bcc",http://downlode.org/rdf/iso-3166/countries#US
http://www4.wiwiss.fu-berlin.de/bizer/bsbm/v01/instances/dataFromRatingSite1/Reviewer122,"Tanisha","13a45812e8963be4271c712261b086129b1a4cda",http://downlode.org/rdf/iso-3166/countries#ES
http://www4.wiwiss.fu-berlin.de/bizer/bsbm/v01/instances/dataFromRatingSite1/Reviewer482,"Magdalene-Imke","f39f5e50235261592d5e7c51a269594286ae1a0",http://downlode.org/rdf/iso-3166/countries#US
http://www4.wiwiss.fu-berlin.de/bizer/bsbm/v01/instances/dataFromRatingSite1/Reviewer123,"Teela-Dennis","8a7e1f2e10ab8cc1aec19c1c4acaa256e710ab3",http://downlode.org/rdf/iso-3166/countries#FR
http://www4.wiwiss.fu-berlin.de/bizer/bsbm/v01/instances/dataFromRatingSite1/Reviewer483,"Korekiyo-Angelica","426612a2f0585a2a45338652ec9127f670f692a",http://downlode.org/rdf/iso-3166/countries#US
http://www4.wiwiss.fu-berlin.de/bizer/bsbm/v01/instances/dataFromRatingSite1/Reviewer124,"Anupama-Hayley","4634bb36eb2124447c2b8771082ee5a238bb2e8",http://downlode.org/rdf/iso-3166/countries#US
http://www4.wiwiss.fu-berlin.de/bizer/bsbm/v01/instances/dataFromRatingSite1/Reviewer484,"Dagmar-Lavinia","3b9391988d7bb9fc4fdea795dc8cdb49e7993cf5",http://downlode.org/rdf/iso-3166/countries#US
http://www4.wiwiss.fu-berlin.de/bizer/bsbm/v01/instances/dataFromRatingSite1/Reviewer125,"Catherina","d4376ead6458489b4d476599cd6f93fc1fd619da",http://downlode.org/rdf/iso-3166/countries#AT
http://www4.wiwiss.fu-berlin.de/bizer/bsbm/v01/instances/dataFromRatingSite1/Reviewer485,"Ty-Kazutoshi","63f0ffb07a3d848c62749bcf379e5d9d46af8943",http://downlode.org/rdf/iso-3166/countries#AT
http://www4.wiwiss.fu-berlin.de/bizer/bsbm/v01/instances/dataFromRatingSite1/Reviewer126,"Martha-Dobra","9be486618bcda137af722b3a815eef118042e60",http://downlode.org/rdf/iso-3166/countries#KR
http://www4.wiwiss.fu-berlin.de/bizer/bsbm/v01/instances/dataFromRatingSite1/Reviewer486,"Janet","8dadfe3329d489cb1c76c1313e3da79c61ebb2a",http://downlode.org/rdf/iso-3166/countries#CN
http://www4.wiwiss.fu-berlin.de/bizer/bsbm/v01/instances/dataFromRatingSite1/Reviewer127,"Britney","4c68936541bb5a3ac731824d455cd3619dabaa",http://downlode.org/rdf/iso-3166/countries#FR
http://www4.wiwiss.fu-berlin.de/bizer/bsbm/v01/instances/dataFromRatingSite1/Reviewer487,"Addolgar-Lorette","3bdccc2bd7366e6cf5f8928f514133b8edc746fb",http://downlode.org/rdf/iso-3166/countries#RU
http://www4.wiwiss.fu-berlin.de/bizer/bsbm/v01/instances/dataFromRatingSite1/Reviewer70,"Waseef-Damen","56139f8ac4c75ffe41db7a3f91830a9e4883d",http://downlode.org/rdf/iso-3166/countries#AT
http://www4.wiwiss.fu-berlin.de/bizer/bsbm/v01/instances/dataFromRatingSite1/Reviewer128,"Domenica-Madeeha","d67cf841fa64ddd55186b2e177bdb90bc64c8",http://downlode.org/rdf/iso-3166/countries#GB
http://www4.wiwiss.fu-berlin.de/bizer/bsbm/v01/instances/dataFromRatingSite1/Reviewer488,"Razeen","308763dfb57c8cecb493213d1802e75e7601b",http://downlode.org/rdf/iso-3166/countries#US
http://www4.wiwiss.fu-berlin.de/bizer/bsbm/v01/instances/dataFromRatingSite1/Reviewer71,"Josef-Willigis","1498fb7e97bce2d0e4e8bfd2106b2ddecc909241",http://downlode.org/rdf/iso-3166/countries#RU
http://www4.wiwiss.fu-berlin.de/bizer/bsbm/v01/instances/dataFromRatingSite1/Reviewer129,"Sayon-Merle","fb3a52d8790f35ed12d17ac9a3cadca765dbaf6",http://downlode.org/rdf/iso-3166/countries#US
http://www4.wiwiss.fu-berlin.de/bizer/bsbm/v01/instances/dataFromRatingSite1/Reviewer489,"Min-Vantrice","66cf5f68c48eaf9a9ab425bc43958c9198203def",http://downlode.org/rdf/iso-3166/countries#AT
http://www4.wiwiss.fu-berlin.de/bizer/bsbm/v01/instances/dataFromRatingSite1/Reviewer72,"Burian-Kuniza","3d3c8c399709eb0ed876b9f1e98fc3640c590",http://downlode.org/rdf/iso-3166/countries#JP
http://www4.wiwiss.fu-berlin.de/bizer/bsbm/v01/instances/dataFromRatingSite1/Reviewer73,"Dean-Hnsel","262e1719a3303235fa9ef91088c11250a03fb118",http://downlode.org/rdf/iso-3166/countries#ES
http://www4.wiwiss.fu-berlin.de/bizer/bsbm/v01/instances/dataFromRatingSite1/Reviewer74,"Zohar-Vaviia","7cb052bd93e62df88ed2f35f4d87516cc9e3e5d",http://downlode.org/rdf/iso-3166/countries#KR
http://www4.wiwiss.fu-berlin.de/bizer/bsbm/v01/instances/dataFromRatingSite1/Reviewer75,"Fedora-Esther","fcdf892d8fc2c0e77777dc2eff22ddbbcd534c6e",http://downlode.org/rdf/iso-3166/countries#GB
http://www4.wiwiss.fu-berlin.de/bizer/bsbm/v01/instances/dataFromRatingSite1/Reviewer76,"Vysheslava-AbdulJabbaar","349661b6407d1b4bd4b8606af675a260574422",http://downlode.org/rdf/iso-3166/countries#FR
http://www4.wiwiss.fu-berlin.de/bizer/bsbm/v01/instances/dataFromRatingSite1/Reviewer77,"Isa-Agafiya","58a284104954572b67d5461d2521b03037974f4f",http://downlode.org/rdf/iso-3166/countries#GB
http://www4.wiwiss.fu-berlin.de/bizer/bsbm/v01/instances/dataFromRatingSite1/Reviewer78,"Cailyn","95727c8af4856633e17d573ef35f369f174385",http://downlode.org/rdf/iso-3166/countries#FR
http://www4.wiwiss.fu-berlin.de/bizer/bsbm/v01/instances/dataFromRatingSite1/Reviewer79,"Gage-Verna","6d555fa61a25bca9e7a0c8dd76832706db9d82b",http://downlode.org/rdf/iso-3166/countries#JP
http://www4.wiwiss.fu-berlin.de/bizer/bsbm/v01/instances/dataFromRatingSite1/Reviewer130,"Thanos-Selyf","d638e653896dede632aa86b8b2fd201961835fda",http://downlode.org/rdf/iso-3166/countries#CN
http://www4.wiwiss.fu-berlin.de/bizer/bsbm/v01/instances/dataFromRatingSite1/Reviewer490,"Hanja-Brunetta","db282adf97d4ca11c34c794948c5bd9d4294b373",http://downlode.org/rdf/iso-3166/countries#US
http://www4.wiwiss.fu-berlin.de/bizer/bsbm/v01/instances/dataFromRatingSite1/Reviewer131,"JaJuan-Rhychdir","78026f39d51a485d8b21bf668a8d84fc5e77924",http://downlode.org/rdf/iso-3166/countries#FR
http://www4.wiwiss.fu-berlin.de/bizer/bsbm/v01/instances/dataFromRatingSite1/Reviewer491,"Kina-Alegra","bcd964fdc46077686ac8d3b944c914b7a9fffb4",http://downlode.org/rdf/iso-3166/countries#FR
http://www4.wiwiss.fu-berlin.de/bizer/bsbm/v01/instances/dataFromRatingSite1/Reviewer132,"Falk-Fernanda","78d4d7782466d1abdb705e19a8dcb6a1c72db53",http://downlode.org/rdf/iso-3166/countries#US
http://www4.wiwiss.fu-berlin.de/bizer/bsbm/v01/instances/dataFromRatingSite1/Reviewer492,"Elefthrios","98b73d74a6e6e8e0f3674d1e3e3317207fdd13f",http://downlode.org/rdf/iso-3166/countries#US
http://www4.wiwiss.fu-berlin.de/bizer/bsbm/v01/instances/dataFromRatingSite1/Reviewer133,"Tee-Grigrios","66dc1792b5accae23c6234ab6eb2686cb5393522",http://downlode.org/rdf/iso-3166/countries#US
http://www4.wiwiss.fu-berlin.de/bizer/bsbm/v01/instances/dataFromRatingSite1/Reviewer493,"Pwyll-Jovan","7a5c7f0578891cad87bfd5a7b5595bc1c863267",http://downlode.org/rdf/iso-3166/countries#JP
http://www4.wiwiss.fu-berlin.de/bizer/bsbm/v01/instances/dataFromRatingSite1/Reviewer134,"Carne-Sylvian","9a6588419f1c929b46797abcb594dabdb5fab51",http://downlode.org/rdf/iso-3166/countries#US
http://www4.wiwiss.fu-berlin.de/bizer/bsbm/v01/instances/dataFromRatingSite1/Reviewer494,"Yurii-Gajus","c82f72b5d1bf5d92823904c71ffeb145fdcbf5",http://downlode.org/rdf/iso-3166/countries#US
http://www4.wiwiss.fu-berlin.de/bizer/bsbm/v01/instances/dataFromRatingSite1/Reviewer135,"Johannes","c2d710cf36c4e9b859c6a0188885aa940ba985a",http://downlode.org/rdf/iso-3166/countries#US
http://www4.wiwiss.fu-berlin.de/bizer/bsbm/v01/instances/dataFromRatingSite1/Reviewer495,"Yumiko-AbdulGhafoor","7cd8ebe64cb17f829ba776b488d8a2e1ff6f07e",http://downlode.org/rdf/iso-3166/countries#ES
http://www4.wiwiss.fu-berlin.de/bizer/bsbm/v01/instances/dataFromRatingSite1/Reviewer136,"Gekko-Liuz","7412438bf516461a7b94b15cfe875c2fb7296b",http://downlode.org/rdf/iso-3166/countries#US
http://www4.wiwiss.fu-berlin.de/bizer/bsbm/v01/instances/dataFromRatingSite1/Reviewer496,"Caroline-Teddy","48fc774dfdf6ee7146829bd6ca0ef128911cbea",http://downlode.org/rdf/iso-3166/countries#AT
http://www4.wiwiss.fu-berlin.de/bizer/bsbm/v01/instances/dataFromRatingSite1/Reviewer137,"Kumi-Dirthe","5e67cc99bca20fef38b426ac38243575b18f7",http://downlode.org/rdf/iso-3166/countries#US
http://www4.wiwiss.fu-berlin.de/bizer/bsbm/v01/instances/dataFromRatingSite1/Reviewer497,"Aseel-Nori","6f66fe297dc61c5d57b9fd37f8a8c74e7878c891",http://downlode.org/rdf/iso-3166/countries#GB
http://www4.wiwiss.fu-berlin.de/bizer/bsbm/v01/instances/dataFromRatingSite1/Reviewer80,"Lubov-DSean","3c2559018f9f65f4d7a73c4d51db98c16b58af5",http://downlode.org/rdf/iso-3166/countries#US
http://www4.wiwiss.fu-berlin.de/bizer/bsbm/v01/instances/dataFromRatingSite1/Reviewer138,"Patricio-Gravriia","8fc32348aed752ce9dedc8f6d01f483412e5b48f",http://downlode.org/rdf/iso-3166/countries#US
http://www4.wiwiss.fu-berlin.de/bizer/bsbm/v01/instances/dataFromRatingSite1/Reviewer498,"Yakamochi-Danaus","fffe4a9862a786c019be42dd322d66fde511fba3",http://downlode.org/rdf/iso-3166/countries#GB
http://www4.wiwiss.fu-berlin.de/bizer/bsbm/v01/instances/dataFromRatingSite1/Reviewer81,"Teinosuke-Nastia","5fcabf9ce813dfb9d2bc41ea6d56470a133ebb4",http://downlode.org/rdf/iso-3166/countries#US
http://www4.wiwiss.fu-berlin.de/bizer/bsbm/v01/instances/dataFromRatingSite1/Reviewer139,"Dorena-Lyudmilla","91af8eafcdf2c240a5c3a9eb94412f45d49cbe28",http://downlode.org/rdf/iso-3166/countries#AT
http://www4.wiwiss.fu-berlin.de/bizer/bsbm/v01/instances/dataFromRatingSite1/Reviewer499,"Tawheed-Janceena","98b6eeab8faf222d873af8b1482a6d940a894",http://downlode.org/rdf/iso-3166/countries#CN
http://www4.wiwiss.fu-berlin.de/bizer/bsbm/v01/instances/dataFromRatingSite1/Reviewer82,"Haranobu-Seanna","319b87e09692e36cd41514ff1b3bb5eb7c16166",http://downlode.org/rdf/iso-3166/countries#KR
http://www4.wiwiss.fu-berlin.de/bizer/bsbm/v01/instances/dataFromRatingSite1/Reviewer83,"Lal-Lindtraud","cd82079fd9a4d3232c0bbcb71be6cdad79becb",http://downlode.org/rdf/iso-3166/countries#DE
http://www4.wiwiss.fu-berlin.de/bizer/bsbm/v01/instances/dataFromRatingSite1/Reviewer84,"Secoiya-Amjad","a7e93c61accec51d128b9f4fa3e43658aa1435",http://downlode.org/rdf/iso-3166/countries#FR
http://www4.wiwiss.fu-berlin.de/bizer/bsbm/v01/instances/dataFromRatingSite1/Reviewer85,"Artura-Matsuyo","3992542881366bc0927941bfe467fcbdb8adf672",http://downlode.org/rdf/iso-3166/countries#US
http://www4.wiwiss.fu-berlin.de/bizer/bsbm/v01/instances/dataFromRatingSite1/Reviewer86,"Lingling-Felizian","78493411a57498f34878b1db148885a4e199",http://downlode.org/rdf/iso-3166/countries#US
http://www4.wiwiss.fu-berlin.de/bizer/bsbm/v01/instances/dataFromRatingSite1/Reviewer87,"Agathe","9331eb616d43fb5611a95b1a594f09db97723f2",http://downlode.org/rdf/iso-3166/countries#FR
http://www4.wiwiss.fu-berlin.de/bizer/bsbm/v01/instances/dataFromRatingSite1/Reviewer88,"Termite","e3f92c57516b5c3b18338d22465fe836f3a8d95",http://downlode.org/rdf/iso-3166/countries#GB
http://www4.wiwiss.fu-berlin.de/bizer/bsbm/v01/instances/dataFromRatingSite1/Reviewer89,"Deon-Iliana","6966406977839038b0a19a7236d93b12774f573",http://downlode.org/rdf/iso-3166/countries#KR
http://www4.wiwiss.fu-berlin.de/bizer/bsbm/v01/instances/dataFromRatingSite1/Reviewer140,"Kioshi-Eretiia","a8486a53de444b2cd2f3f16b8ffdfa25640dfd",http://downlode.org/rdf/iso-3166/countries#GB
http://www4.wiwiss.fu-berlin.de/bizer/bsbm/v01/instances/dataFromRatingSite1/Reviewer141,"Laurine-Asmaa","e6a2863b608514fb3921b2e99cb19752a28856",http://downlode.org/rdf/iso-3166/countries#US
http://www4.wiwiss.fu-berlin.de/bizer/bsbm/v01/instances/dataFromRatingSite1/Reviewer142,"Lawanda-Ziva","886f871e3e9f16af39efcb48e2314e90a13e",http://downlode.org/rdf/iso-3166/countries#KR
http://www4.wiwiss.fu-berlin.de/bizer/bsbm/v01/instances/dataFromRatingSite1/Reviewer143,"Tawfeeq-Jacquelyn","aca6c754d4923531c34cb6a9ddb381c6882589d",http://downlode.org/rdf/iso-3166/countries#JP
http://www4.wiwiss.fu-berlin.de/bizer/bsbm/v01/instances/dataFromRatingSite1/Reviewer144,"Jawaad-Inse","3a202e332cf4c86f12d5233f17ead4aa5cff6c6",http://downlode.org/rdf/iso-3166/countries#RU
http://www4.wiwiss.fu-berlin.de/bizer/bsbm/v01/instances/dataFromRatingSite1/Reviewer145,"Zenko-Lodovica","c4828c1ee29798a2a286d46a122b3b8ac188016",http://downlode.org/rdf/iso-3166/countries#CN
http://www4.wiwiss.fu-berlin.de/bizer/bsbm/v01/instances/dataFromRatingSite1/Reviewer146,"Plys-Ettore","1e43bc56d94e825c6498dc1c4a5e81cad9271574",http://downlode.org/rdf/iso-3166/countries#CN
http://www4.wiwiss.fu-berlin.de/bizer/bsbm/v01/instances/dataFromRatingSite1/Reviewer147,"Anasztaz","9f9ccf6e5af0418c1e87e550ec5dee7740a39078",http://downlode.org/rdf/iso-3166/countries#US
http://www4.wiwiss.fu-berlin.de/bizer/bsbm/v01/instances/dataFromRatingSite1/Reviewer90,"Kittiana-Elijah","c4bb896f596c998be4655ccc2609364fede11d6",http://downlode.org/rdf/iso-3166/countries#CN
http://www4.wiwiss.fu-berlin.de/bizer/bsbm/v01/instances/dataFromRatingSite1/Reviewer148,"Sojuro-Maura","6031c976c1a5493472b98973f27e68065807420",http://downlode.org/rdf/iso-3166/countries#ES
http://www4.wiwiss.fu-berlin.de/bizer/bsbm/v01/instances/dataFromRatingSite1/Reviewer91,"Odra-Estelita","831aa88fbfefea11dbb0f5e4ce741dc369cb6b0",http://downlode.org/rdf/iso-3166/countries#ES
http://www4.wiwiss.fu-berlin.de/bizer/bsbm/v01/instances/dataFromRatingSite1/Reviewer149,"Moesen-AbdusSamad","d1b4f2a45ea810f5361a23ab9fdf044260d66c",http://downlode.org/rdf/iso-3166/countries#GB
http://www4.wiwiss.fu-berlin.de/bizer/bsbm/v01/instances/dataFromRatingSite1/Reviewer92,"Giulio-Toshiharu","3a16bd2154b4efed08ea968664de73cbf4de6a",http://downlode.org/rdf/iso-3166/countries#CN
http://www4.wiwiss.fu-berlin.de/bizer/bsbm/v01/instances/dataFromRatingSite1/Reviewer93,"Favsta-Fumimaro","aaa6ac98a2ed9544346693d97eeebaf855546ee3",http://downlode.org/rdf/iso-3166/countries#DE
http://www4.wiwiss.fu-berlin.de/bizer/bsbm/v01/instances/dataFromRatingSite1/Reviewer94,"Toshikasu","12bf5a64681a63b71b5587ba4d6442fe31b22",http://downlode.org/rdf/iso-3166/countries#US
http://www4.wiwiss.fu-berlin.de/bizer/bsbm/v01/instances/dataFromRatingSite1/Reviewer95,"Josh-Clariss","ca3ed851c830dc5c233d61998da97c8f6c2ed3d",http://downlode.org/rdf/iso-3166/countries#US
http://www4.wiwiss.fu-berlin.de/bizer/bsbm/v01/instances/dataFromRatingSite1/Reviewer96,"Kunegundy-Yoshitoki","fb2f8e4033b8a4ee77cc573859e6cde6f8cc69d",http://downlode.org/rdf/iso-3166/countries#US
http://www4.wiwiss.fu-berlin.de/bizer/bsbm/v01/instances/dataFromRatingSite1/Reviewer97,"Masashige-Chlo","e78f148ab4376b74d3c0af3a4b5b123cefa15323",http://downlode.org/rdf/iso-3166/countries#ES
http://www4.wiwiss.fu-berlin.de/bizer/bsbm/v01/instances/dataFromRatingSite1/Reviewer98,"Mancel-Crotilda","2bdce8386cbfe9d5bcdd3cc24aaa2c355a2acc",http://downlode.org/rdf/iso-3166/countries#CN
http://www4.wiwiss.fu-berlin.de/bizer/bsbm/v01/instances/dataFromRatingSite1/Reviewer99,"Ennafa-Saif","34c3eea40b3995f5242d4ccb4beff7311d80e6",http://downlode.org/rdf/iso-3166/countries#US
http://www4.wiwiss.fu-berlin.de/bizer/bsbm/v01/instances/dataFromRatingSite1/Reviewer150,"Jameela-Cystennin","4ef017663b2f227a5d30a588f61d9fdc347cafa8",http://downlode.org/rdf/iso-3166/countries#US
http://www4.wiwiss.fu-berlin.de/bizer/bsbm/v01/instances/dataFromRatingSite1/Reviewer151,"Rozgneda-Kanya","c069bba21d50e3363224aa3b58dedf3a3dbcd7e7",http://downlode.org/rdf/iso-3166/countries#US
http://www4.wiwiss.fu-berlin.de/bizer/bsbm/v01/instances/dataFromRatingSite1/Reviewer152,"Ccilia-Tamuramaro","379d92d39ad1514e13bfb53edb2702073ebc91f",http://downlode.org/rdf/iso-3166/countries#JP
http://www4.wiwiss.fu-berlin.de/bizer/bsbm/v01/instances/dataFromRatingSite1/Reviewer153,"Lubachitsa-Ashley","1255d69b9d93a319cc1cc4c7874b54289e73b4d",http://downlode.org/rdf/iso-3166/countries#DE
http://www4.wiwiss.fu-berlin.de/bizer/bsbm/v01/instances/dataFromRatingSite1/Reviewer154,"Salbatore-Israa","d0128d6d85885e1dedbc2e1fd5dd4fe41727fb4d",http://downlode.org/rdf/iso-3166/countries#US
http://www4.wiwiss.fu-berlin.de/bizer/bsbm/v01/instances/dataFromRatingSite1/Reviewer155,"Christiano","2a8761304d5a9ac215d57b71daf3f5f1502072cf",http://downlode.org/rdf/iso-3166/countries#US
http://www4.wiwiss.fu-berlin.de/bizer/bsbm/v01/instances/dataFromRatingSite1/Reviewer156,"Tiki-Pirmin","c635ed5a3e7c924d85f1f58f3bb11fd3f9c655",http://downlode.org/rdf/iso-3166/countries#RU
http://www4.wiwiss.fu-berlin.de/bizer/bsbm/v01/instances/dataFromRatingSite1/Reviewer157,"Kiyonaga-Mubashshir","a9734830415b4fd8995b311e99ed4f3991c5f579",http://downlode.org/rdf/iso-3166/countries#DE
http://www4.wiwiss.fu-berlin.de/bizer/bsbm/v01/instances/dataFromRatingSite1/Reviewer158,"Severo","68bef74d2d4687d8bc1c83ffa455ce248d0e4f9",http://downlode.org/rdf/iso-3166/countries#CN
http://www4.wiwiss.fu-berlin.de/bizer/bsbm/v01/instances/dataFromRatingSite1/Reviewer159,"Malusha-Kenji","3b5fb3d69346b77bca634f09a6e8e78369cff89",http://downlode.org/rdf/iso-3166/countries#US
http://www4.wiwiss.fu-berlin.de/bizer/bsbm/v01/instances/dataFromRatingSite1/Reviewer160,"Guiseppa-Nawwaara","51e4a77a5934b654534b856a9e80306683806f",http://downlode.org/rdf/iso-3166/countries#AT
http://www4.wiwiss.fu-berlin.de/bizer/bsbm/v01/instances/dataFromRatingSite1/Reviewer161,"Jimmie-Priia","84f735e838475e5d90aa49fcbe9771fbb12280ad",http://downlode.org/rdf/iso-3166/countries#GB
http://www4.wiwiss.fu-berlin.de/bizer/bsbm/v01/instances/dataFromRatingSite1/Reviewer162,"Burghild-Amniyya","cc18d889e7c7b1a38ccdb5a4f5a94d502fd4b0c",http://downlode.org/rdf/iso-3166/countries#JP
http://www4.wiwiss.fu-berlin.de/bizer/bsbm/v01/instances/dataFromRatingSite1/Reviewer163,"Tembin-Gormant","398ffea8d52b24bbdffd0d5359a88d2631b38d9",http://downlode.org/rdf/iso-3166/countries#KR
http://www4.wiwiss.fu-berlin.de/bizer/bsbm/v01/instances/dataFromRatingSite1/Reviewer164,"Danica-Alberto","f7b43d23fc084d421428d9f3476523d84757c",http://downlode.org/rdf/iso-3166/countries#AT
http://www4.wiwiss.fu-berlin.de/bizer/bsbm/v01/instances/dataFromRatingSite1/Reviewer165,"Kilikiia-Kalene","81d7ae0343a3e832d562f4c26e324a81ad9ed8b",http://downlode.org/rdf/iso-3166/countries#US
http://www4.wiwiss.fu-berlin.de/bizer/bsbm/v01/instances/dataFromRatingSite1/Reviewer166,"Prabha-Ilsemarie","13e65a58d55c624823e8e647146aaab65d4459ef",http://downlode.org/rdf/iso-3166/countries#US
http://www4.wiwiss.fu-berlin.de/bizer/bsbm/v01/instances/dataFromRatingSite1/Reviewer167,"Hydd-Himani","9f37d48d01657907f35f49063f3bd5c114b56",http://downlode.org/rdf/iso-3166/countries#CN
http://www4.wiwiss.fu-berlin.de/bizer/bsbm/v01/instances/dataFromRatingSite1/Reviewer168,"Jiro-Arminius","df36a3959139f05a70bc73bb2c2a30b81db7136e",http://downlode.org/rdf/iso-3166/countries#GB
http://www4.wiwiss.fu-berlin.de/bizer/bsbm/v01/instances/dataFromRatingSite1/Reviewer200,"Aki-Mirozlava","571b7337ebb9af67a232c79a05d773c179573",http://downlode.org/rdf/iso-3166/countries#JP
http://www4.wiwiss.fu-berlin.de/bizer/bsbm/v01/instances/dataFromRatingSite1/Reviewer169,"Haamida-Radonia","66d5bf3ecd1efac58a7a47cdf6e7d60124d35cf",http://downlode.org/rdf/iso-3166/countries#US
http://www4.wiwiss.fu-berlin.de/bizer/bsbm/v01/instances/dataFromRatingSite1/Reviewer201,"Goncalo-Khynika","f78322247a5e4e292dab1b321ed8fbf3995bee81",http://downlode.org/rdf/iso-3166/countries#US
http://www4.wiwiss.fu-berlin.de/bizer/bsbm/v01/instances/dataFromRatingSite1/Reviewer202,"Florentina-Irena","2fb18ddb999bd5a6910aff06392734dcec1d2d0",http://downlode.org/rdf/iso-3166/countries#FR
http://www4.wiwiss.fu-berlin.de/bizer/bsbm/v01/instances/dataFromRatingSite1/Reviewer203,"Hardwart","8a227543dac4694313f3bd0f435de5fe0a9919e",http://downlode.org/rdf/iso-3166/countries#US
http://www4.wiwiss.fu-berlin.de/bizer/bsbm/v01/instances/dataFromRatingSite1/Reviewer204,"Richca-Bhavani","6b753c4626c64d14b80f573759d90f1cdf2317c",http://downlode.org/rdf/iso-3166/countries#RU
http://www4.wiwiss.fu-berlin.de/bizer/bsbm/v01/instances/dataFromRatingSite1/Reviewer205,"Stephany","c088969ab996d3dc686fba22e34a968cc0469068",http://downlode.org/rdf/iso-3166/countries#US
http://www4.wiwiss.fu-berlin.de/bizer/bsbm/v01/instances/dataFromRatingSite1/Reviewer206,"Kinuyo-Mikula","f45f544a4f422d67457e8da9b9457a88bfe0dd",http://downlode.org/rdf/iso-3166/countries#US
http://www4.wiwiss.fu-berlin.de/bizer/bsbm/v01/instances/dataFromRatingSite1/Reviewer207,"Foolan","cc3c1b3c9aa47c7271f281a8ece09e854f127adb",http://downlode.org/rdf/iso-3166/countries#US
http://www4.wiwiss.fu-berlin.de/bizer/bsbm/v01/instances/dataFromRatingSite1/Reviewer208,"Romain-Honoria","a31de944fdc3ecbcb92a2b8d318436199dbe6f",http://downlode.org/rdf/iso-3166/countries#US
http://www4.wiwiss.fu-berlin.de/bizer/bsbm/v01/instances/dataFromRatingSite1/Reviewer209,"Bertram-Almundena","43e6748ecebc523442fe2dc7d6350ee85926644",http://downlode.org/rdf/iso-3166/countries#ES
http://www4.wiwiss.fu-berlin.de/bizer/bsbm/v01/instances/dataFromRatingSite1/Reviewer170,"Toyozo-Zainab","8920c5e5c1dac692db55f4a8caa0a71365fafe41",http://downlode.org/rdf/iso-3166/countries#FR
http://www4.wiwiss.fu-berlin.de/bizer/bsbm/v01/instances/dataFromRatingSite1/Reviewer171,"Leann-Henrick","78748326e9e0a2835e63528054d7e57348c37241",http://downlode.org/rdf/iso-3166/countries#US
http://www4.wiwiss.fu-berlin.de/bizer/bsbm/v01/instances/dataFromRatingSite1/Reviewer172,"Ixion","a082b948845c11f1f2e443d6b2f911ceac14decb",http://downlode.org/rdf/iso-3166/countries#US
http://www4.wiwiss.fu-berlin.de/bizer/bsbm/v01/instances/dataFromRatingSite1/Reviewer173,"Gav-Euafina","fc83b797a915e9e83e28c9fdcfedb13dff544541",http://downlode.org/rdf/iso-3166/countries#US
http://www4.wiwiss.fu-berlin.de/bizer/bsbm/v01/instances/dataFromRatingSite1/Reviewer174,"Marguerite-Chinatsu","475673c1996a9467d4c7649f96212b4b2cc5cea",http://downlode.org/rdf/iso-3166/countries#US
http://www4.wiwiss.fu-berlin.de/bizer/bsbm/v01/instances/dataFromRatingSite1/Reviewer175,"Deucalion-Nonna","8dbf1fd2a1d4f21689d2dd43c30cf45cb7cd6b1",http://downlode.org/rdf/iso-3166/countries#CN
http://www4.wiwiss.fu-berlin.de/bizer/bsbm/v01/instances/dataFromRatingSite1/Reviewer176,"Tasya-Madoc","885c75601d9b1034b4892f21f1aaeaec1336ea2",http://downlode.org/rdf/iso-3166/countries#FR
http://www4.wiwiss.fu-berlin.de/bizer/bsbm/v01/instances/dataFromRatingSite1/Reviewer177,"Cawrdav-Lorraine","ab3a3f19a1b26c05f38a1696275ae242a99d1",http://downlode.org/rdf/iso-3166/countries#RU
http://www4.wiwiss.fu-berlin.de/bizer/bsbm/v01/instances/dataFromRatingSite1/Reviewer178,"Breeauna-Efthymios","8bb2bf4f056aac0ec12266d8939ade6d731ffa2",http://downlode.org/rdf/iso-3166/countries#FR
http://www4.wiwiss.fu-berlin.de/bizer/bsbm/v01/instances/dataFromRatingSite1/Reviewer210,"Satomi-Shahaada","af284286ea9e812d57efa8c7720510b1a94d41",http://downlode.org/rdf/iso-3166/countries#DE
http://www4.wiwiss.fu-berlin.de/bizer/bsbm/v01/instances/dataFromRatingSite1/Reviewer179,"Zalia-Joji","4e5d1da5ecf5e06bfc77208dc5be1e1bce76951f",http://downlode.org/rdf/iso-3166/countries#FR
http://www4.wiwiss.fu-berlin.de/bizer/bsbm/v01/instances/dataFromRatingSite1/Reviewer211,"Toshelle-Markandeya","e7e4ffe3a9662cad97e35577e83cbda20631",http://downlode.org/rdf/iso-3166/countries#US
http://www4.wiwiss.fu-berlin.de/bizer/bsbm/v01/instances/dataFromRatingSite1/Reviewer212,"Mae-Rio","feced0db88c8fbd9c3b593487c26b724e9250",http://downlode.org/rdf/iso-3166/countries#US
http://www4.wiwiss.fu-berlin.de/bizer/bsbm/v01/instances/dataFromRatingSite1/Reviewer213,"Montes-Derzhka","d31c2bb4c61cac536691cc8e08b55d9b6bc5a9b",http://downlode.org/rdf/iso-3166/countries#ES
http://www4.wiwiss.fu-berlin.de/bizer/bsbm/v01/instances/dataFromRatingSite1/Reviewer214,"Rigmora-Svetocha","826443298aaf9683c6ea883e11eba3d8eb3ae693",http://downlode.org/rdf/iso-3166/countries#DE
http://www4.wiwiss.fu-berlin.de/bizer/bsbm/v01/instances/dataFromRatingSite1/Reviewer215,"Hilderun-Vishnu","a4135d75173f444deadb9bae99ae1d3bc0c4544d",http://downlode.org/rdf/iso-3166/countries#US
http://www4.wiwiss.fu-berlin.de/bizer/bsbm/v01/instances/dataFromRatingSite1/Reviewer216,"Falguni-Vontell","126bc95d2417f7c5b407c5f8e85da9cccc1b448",http://downlode.org/rdf/iso-3166/countries#AT
http://www4.wiwiss.fu-berlin.de/bizer/bsbm/v01/instances/dataFromRatingSite1/Reviewer217,"Kirill-Feodora","509b6153576f4edff30fee94bc48d7adc95b992",http://downlode.org/rdf/iso-3166/countries#US
http://www4.wiwiss.fu-berlin.de/bizer/bsbm/v01/instances/dataFromRatingSite1/Reviewer218,"Dina-Takanobu","3dd44eb77157bb18a6a9b46c9e33cf6c2c89524",http://downlode.org/rdf/iso-3166/countries#US
http://www4.wiwiss.fu-berlin.de/bizer/bsbm/v01/instances/dataFromRatingSite1/Reviewer219,"Okichi-Liebtraud","cf95ff26e3f621cb50c4d9b948f58b1eff244e2",http://downlode.org/rdf/iso-3166/countries#AT
http://www4.wiwiss.fu-berlin.de/bizer/bsbm/v01/instances/dataFromRatingSite1/Reviewer180,"Kozue-Firdaus","81e81b66decbac280e9c646a77493ff719b42",http://downlode.org/rdf/iso-3166/countries#US
http://www4.wiwiss.fu-berlin.de/bizer/bsbm/v01/instances/dataFromRatingSite1/Reviewer181,"Erkengard-Hadar","af3c5cd18c5ded9f333ef7c58f8bbd7c7125e5",http://downlode.org/rdf/iso-3166/countries#US
http://www4.wiwiss.fu-berlin.de/bizer/bsbm/v01/instances/dataFromRatingSite1/Reviewer182,"Rahil-Awad","51ce598163fc50695b6e59752057f49469c74d4",http://downlode.org/rdf/iso-3166/countries#GB
http://www4.wiwiss.fu-berlin.de/bizer/bsbm/v01/instances/dataFromRatingSite1/Reviewer183,"Noguri-Xeveria","94363856242e95acdfd11a4e86cf95e74df89e73",http://downlode.org/rdf/iso-3166/countries#JP
http://www4.wiwiss.fu-berlin.de/bizer/bsbm/v01/instances/dataFromRatingSite1/Reviewer184,"Landeline-Manobu","57acaa3496906131c983312734d935fbb5e8631b",http://downlode.org/rdf/iso-3166/countries#JP
http://www4.wiwiss.fu-berlin.de/bizer/bsbm/v01/instances/dataFromRatingSite1/Reviewer185,"Santana","2d4edbead516b9b8b272c5382be828b38872f2",http://downlode.org/rdf/iso-3166/countries#FR
http://www4.wiwiss.fu-berlin.de/bizer/bsbm/v01/instances/dataFromRatingSite1/Reviewer186,"Sheryl-Mahfooz","a1d193d992cf50807190ab1844ed698a0cd5c81",http://downlode.org/rdf/iso-3166/countries#RU
http://www4.wiwiss.fu-berlin.de/bizer/bsbm/v01/instances/dataFromRatingSite1/Reviewer187,"Khristeen-Etsuya","21156340f3ae61a16ed54a6f80c64d7f4fb1f2",http://downlode.org/rdf/iso-3166/countries#US
http://www4.wiwiss.fu-berlin.de/bizer/bsbm/v01/instances/dataFromRatingSite1/Reviewer188,"Maki","a9f053e9b9ccefd3c2d0af1e8bd98a16491cb658",http://downlode.org/rdf/iso-3166/countries#KR
http://www4.wiwiss.fu-berlin.de/bizer/bsbm/v01/instances/dataFromRatingSite1/Reviewer220,"Zettica-Kyrilla","da1fb0bd8cebf0a010d75ed83820ea40d32bdaf4",http://downlode.org/rdf/iso-3166/countries#GB
http://www4.wiwiss.fu-berlin.de/bizer/bsbm/v01/instances/dataFromRatingSite1/Reviewer189,"Martino-Aida","924b96cb4fcfb2b959d2cd759e5f9cce842131fd",http://downlode.org/rdf/iso-3166/countries#RU
http://www4.wiwiss.fu-berlin.de/bizer/bsbm/v01/instances/dataFromRatingSite1/Reviewer221,"Gaynor-Lauretta","911dd13eeff6d5ef7c6d324addfc2e5ce05e6083",http://downlode.org/rdf/iso-3166/countries#AT
http://www4.wiwiss.fu-berlin.de/bizer/bsbm/v01/instances/dataFromRatingSite1/Reviewer222,"Mawuli-Laurel","5b1332e43d9110f05ae5fc19b1d55845ebf389",http://downlode.org/rdf/iso-3166/countries#CN
http://www4.wiwiss.fu-berlin.de/bizer/bsbm/v01/instances/dataFromRatingSite1/Reviewer223,"Dedrian","49851984922ed214e62a1fc22192c9be59645251",http://downlode.org/rdf/iso-3166/countries#KR
http://www4.wiwiss.fu-berlin.de/bizer/bsbm/v01/instances/dataFromRatingSite1/Reviewer224,"Emrys-Lin","3fdf8578cb494d4fb3ced12e196fd29c0d438",http://downlode.org/rdf/iso-3166/countries#CN
http://www4.wiwiss.fu-berlin.de/bizer/bsbm/v01/instances/dataFromRatingSite1/Reviewer225,"Athanasius","65bcbd4eef264252f75e5efb96cca906a9e9d19",http://downlode.org/rdf/iso-3166/countries#DE
http://www4.wiwiss.fu-berlin.de/bizer/bsbm/v01/instances/dataFromRatingSite1/Reviewer226,"Sahar-Joy","64d1dda2d7947fcae5d40bfdde6c23655308759",http://downlode.org/rdf/iso-3166/countries#GB
http://www4.wiwiss.fu-berlin.de/bizer/bsbm/v01/instances/dataFromRatingSite1/Reviewer227,"Richei-Tasiya","7c99db17228eed228453e38553456331d1942f2",http://downlode.org/rdf/iso-3166/countries#US
http://www4.wiwiss.fu-berlin.de/bizer/bsbm/v01/instances/dataFromRatingSite1/Reviewer228,"Ilhaam-Cristofor","5c3988b98de2d3a6b1f98636615b46a78366e7b9",http://downlode.org/rdf/iso-3166/countries#DE
http://www4.wiwiss.fu-berlin.de/bizer/bsbm/v01/instances/dataFromRatingSite1/Reviewer229,"Gregg","b4f57ce813e3adb7ca86d715307d44363c9c6d",http://downlode.org/rdf/iso-3166/countries#US
http://www4.wiwiss.fu-berlin.de/bizer/bsbm/v01/instances/dataFromRatingSite1/Reviewer190,"Jadon-Yajirobei","67605ff46ad0e786f0533a48d913dcfa0e9121c",http://downlode.org/rdf/iso-3166/countries#ES
http://www4.wiwiss.fu-berlin.de/bizer/bsbm/v01/instances/dataFromRatingSite1/Reviewer191,"Deverell-Salamon","76835d499c2b707464bd605b299deb82e03994d",http://downlode.org/rdf/iso-3166/countries#CN
http://www4.wiwiss.fu-berlin.de/bizer/bsbm/v01/instances/dataFromRatingSite1/Reviewer192,"Maru-Yelena","34485ff6ad424aab548c2bde1d709b2d9bbf78",http://downlode.org/rdf/iso-3166/countries#US
http://www4.wiwiss.fu-berlin.de/bizer/bsbm/v01/instances/dataFromRatingSite1/Reviewer193,"Marvin-Quiel","4e99ab80f8ee59c07ef4332b83ef0ffefed114",http://downlode.org/rdf/iso-3166/countries#US
http://www4.wiwiss.fu-berlin.de/bizer/bsbm/v01/instances/dataFromRatingSite1/Reviewer194,"Waajida-Luke","b390e7191a13cb534088addc95b86f8617f7f66b",http://downlode.org/rdf/iso-3166/countries#DE
http://www4.wiwiss.fu-berlin.de/bizer/bsbm/v01/instances/dataFromRatingSite1/Reviewer195,"Kesava-Rose","666ae1ffdb6d81e5e4973c01b967295c5317939",http://downlode.org/rdf/iso-3166/countries#JP
http://www4.wiwiss.fu-berlin.de/bizer/bsbm/v01/instances/dataFromRatingSite1/Reviewer196,"Seiesnsui-Lenja","4ea42d7a156c2628d7ce9da9a05ebfd02d1b6e",http://downlode.org/rdf/iso-3166/countries#US
http://www4.wiwiss.fu-berlin.de/bizer/bsbm/v01/instances/dataFromRatingSite1/Reviewer197,"Takeji-Britney","5f3d69725c82eb7e374d722c7d4269f9e2f6c67",http://downlode.org/rdf/iso-3166/countries#US
http://www4.wiwiss.fu-berlin.de/bizer/bsbm/v01/instances/dataFromRatingSite1/Reviewer198,"Tashiro-Kei","86c4bd13445b83ed18fa656bd2678883afbfca25",http://downlode.org/rdf/iso-3166/countries#US
http://www4.wiwiss.fu-berlin.de/bizer/bsbm/v01/instances/dataFromRatingSite1/Reviewer230,"Kanezane-Harvey","3e534beab35bfb22733608d6ab6f663073e8",http://downlode.org/rdf/iso-3166/countries#US
http://www4.wiwiss.fu-berlin.de/bizer/bsbm/v01/instances/dataFromRatingSite1/Reviewer199,"Davida","b026c5cbf5f714bcf82f9ec2be6b4cd6673",http://downlode.org/rdf/iso-3166/countries#ES
http://www4.wiwiss.fu-berlin.de/bizer/bsbm/v01/instances/dataFromRatingSite1/Reviewer231,"Anarosa","51aa9ddd0cd1f7d525dadcc4abec043729d2ab",http://downlode.org/rdf/iso-3166/countries#JP
http://www4.wiwiss.fu-berlin.de/bizer/bsbm/v01/instances/dataFromRatingSite1/Reviewer232,"Avimelech","8538b40117bcf5a1e509df21a6b3d98ccad53c5",http://downlode.org/rdf/iso-3166/countries#US
http://www4.wiwiss.fu-berlin.de/bizer/bsbm/v01/instances/dataFromRatingSite1/Reviewer233,"Vamei","bf10d5f2347bf7c97b7cd83c7de20ff1b5a1a7e",http://downlode.org/rdf/iso-3166/countries#FR
http://www4.wiwiss.fu-berlin.de/bizer/bsbm/v01/instances/dataFromRatingSite1/Reviewer234,"Raktavira","a87d346cdbc9a58c251173b3c3fffa49c9e938",http://downlode.org/rdf/iso-3166/countries#GB
http://www4.wiwiss.fu-berlin.de/bizer/bsbm/v01/instances/dataFromRatingSite1/Reviewer235,"Lone-Angha","c9c9ada88cade222ef34f2228362fffdc89d6b4",http://downlode.org/rdf/iso-3166/countries#DE
http://www4.wiwiss.fu-berlin.de/bizer/bsbm/v01/instances/dataFromRatingSite1/Reviewer236,"Buncho","bfd91d873924fc8cbc58649dfe61c552ea7f22",http://downlode.org/rdf/iso-3166/countries#US
http://www4.wiwiss.fu-berlin.de/bizer/bsbm/v01/instances/dataFromRatingSite1/Reviewer237,"Eddy-Lindgard","8f4b84bbc1771b31e34f4c4434fd81c2eb6ed",http://downlode.org/rdf/iso-3166/countries#US
http://www4.wiwiss.fu-berlin.de/bizer/bsbm/v01/instances/dataFromRatingSite1/Reviewer238,"JesusErnesto-Dubal","18f6c7fad539d664dcf4df2aa4472f68c8fb2dc",http://downlode.org/rdf/iso-3166/countries#DE
http://www4.wiwiss.fu-berlin.de/bizer/bsbm/v01/instances/dataFromRatingSite1/Reviewer239,"Dalila-Umar","6b8ce51d8d1cd54e217e7ad1e2b1049d9a6d7a2",http://downlode.org/rdf/iso-3166/countries#JP
http://www4.wiwiss.fu-berlin.de/bizer/bsbm/v01/instances/dataFromRatingSite1/Reviewer240,"Perfecta-Myrra","17db46c247b1d0ca53b4cbbccfb811cca287b56",http://downlode.org/rdf/iso-3166/countries#US
http://www4.wiwiss.fu-berlin.de/bizer/bsbm/v01/instances/dataFromRatingSite1/Reviewer241,"Mai-Orland","1e6cdc2ee62c61e426d77f0b87cffa8bc29d835",http://downlode.org/rdf/iso-3166/countries#US
http://www4.wiwiss.fu-berlin.de/bizer/bsbm/v01/instances/dataFromRatingSite1/Reviewer242,"Aaric","af46174c30b9f2b4e07379b2833d0d737d9e2db",http://downlode.org/rdf/iso-3166/countries#US
http://www4.wiwiss.fu-berlin.de/bizer/bsbm/v01/instances/dataFromRatingSite1/Reviewer243,"Tetsuo-Marlon","ebdcfe52e5ece237f5e43ab958cd9eb9158deed",http://downlode.org/rdf/iso-3166/countries#RU
http://www4.wiwiss.fu-berlin.de/bizer/bsbm/v01/instances/dataFromRatingSite1/Reviewer244,"Geoffroi","965860515157c0a842f94a7efe7998c2f74c864",http://downlode.org/rdf/iso-3166/countries#JP
http://www4.wiwiss.fu-berlin.de/bizer/bsbm/v01/instances/dataFromRatingSite1/Reviewer245,"Marionilla-Cheri","84bb76288ffe7e3ee71e34ce5b58ed0e2bba83c",http://downlode.org/rdf/iso-3166/countries#RU
http://www4.wiwiss.fu-berlin.de/bizer/bsbm/v01/instances/dataFromRatingSite1/Reviewer246,"Teos-Hemangini","dfda53c69bda15953c29f68b28ceef2f8bf80b1",http://downlode.org/rdf/iso-3166/countries#JP
http://www4.wiwiss.fu-berlin.de/bizer/bsbm/v01/instances/dataFromRatingSite1/Reviewer247,"Vassillissa-Omelfa","2c7dc2177a56f105af0d81791fb50fe4c2eb6d",http://downlode.org/rdf/iso-3166/countries#KR
http://www4.wiwiss.fu-berlin.de/bizer/bsbm/v01/instances/dataFromRatingSite1/Reviewer248,"Seiesnsui-Nakheel","b6d24ec3f90f76a2ce3b6215cb4a8e78b77cff0",http://downlode.org/rdf/iso-3166/countries#AT
http://www4.wiwiss.fu-berlin.de/bizer/bsbm/v01/instances/dataFromRatingSite1/Reviewer249,"Zelpha","b01823649ccf1dfedb4cb668cdf3cd55278b53",http://downlode.org/rdf/iso-3166/countries#US
http://www4.wiwiss.fu-berlin.de/bizer/bsbm/v01/instances/dataFromRatingSite1/Reviewer250,"Evgenii-Koichi","16a7ede7623679f63b2fa9265f363693e14dcb76",http://downlode.org/rdf/iso-3166/countries#US
http://www4.wiwiss.fu-berlin.de/bizer/bsbm/v01/instances/dataFromRatingSite1/Reviewer251,"Wilfried-Taleen","8d468d1e1f5193708565b0d7943c67d6f296a1e",http://downlode.org/rdf/iso-3166/countries#JP
http://www4.wiwiss.fu-berlin.de/bizer/bsbm/v01/instances/dataFromRatingSite1/Reviewer252,"Benedita-Taina","18f64be3bea7d1e574453bbc04f5e799867adc7",http://downlode.org/rdf/iso-3166/countries#US
http://www4.wiwiss.fu-berlin.de/bizer/bsbm/v01/instances/dataFromRatingSite1/Reviewer253,"Aidia-Kathryn","819686afba57a7af7a7cfa270788768159cbeb",http://downlode.org/rdf/iso-3166/countries#FR
http://www4.wiwiss.fu-berlin.de/bizer/bsbm/v01/instances/dataFromRatingSite1/Reviewer254,"Albert-Toyoshige","50935190b7d51978b622a926ce9829dc19fd9",http://downlode.org/rdf/iso-3166/countries#RU
http://www4.wiwiss.fu-berlin.de/bizer/bsbm/v01/instances/dataFromRatingSite1/Reviewer255,"Ramona-Ermes","7c57b588b4bf37d0f329be5debb32a133b573eb",http://downlode.org/rdf/iso-3166/countries#US
http://www4.wiwiss.fu-berlin.de/bizer/bsbm/v01/instances/dataFromRatingSite1/Reviewer256,"Paulin","9cf49a2ffc714da714b8fe97acc29e8c1547496",http://downlode.org/rdf/iso-3166/countries#JP
http://www4.wiwiss.fu-berlin.de/bizer/bsbm/v01/instances/dataFromRatingSite1/Reviewer257,"Krystyna-Kyuwa","5e643f938fe483bf3214e297cb50c1a7cf7a2b59",http://downlode.org/rdf/iso-3166/countries#US
http://www4.wiwiss.fu-berlin.de/bizer/bsbm/v01/instances/dataFromRatingSite1/Reviewer258,"Kadmus","a51c483acae9a5324026059e7808a919162f09",http://downlode.org/rdf/iso-3166/countries#US
http://www4.wiwiss.fu-berlin.de/bizer/bsbm/v01/instances/dataFromRatingSite1/Reviewer259,"Catina-Kudra","c28b9053ae5436495a3aab40e1d7bcac54e3571",http://downlode.org/rdf/iso-3166/countries#US
http://www4.wiwiss.fu-berlin.de/bizer/bsbm/v01/instances/dataFromRatingSite1/Reviewer260,"Vasya-Shirosama","40b5bb53ce9d52c783104ce93acffd2a34d82df",http://downlode.org/rdf/iso-3166/countries#DE
http://www4.wiwiss.fu-berlin.de/bizer/bsbm/v01/instances/dataFromRatingSite1/Reviewer261,"Bertrando-Kenji","8039a77d9acdb28b6a2661c33c12f3d78efc91f",http://downlode.org/rdf/iso-3166/countries#CN
http://www4.wiwiss.fu-berlin.de/bizer/bsbm/v01/instances/dataFromRatingSite1/Reviewer262,"Idola-Sashenka","4a9dda80351b1364262f4ecfbf1f3b1ff31d6b4",http://downlode.org/rdf/iso-3166/countries#US
http://www4.wiwiss.fu-berlin.de/bizer/bsbm/v01/instances/dataFromRatingSite1/Reviewer263,"Liebtraud","9398c7dcb92f5af43da66169c2b24662be91a7b",http://downlode.org/rdf/iso-3166/countries#JP
http://www4.wiwiss.fu-berlin.de/bizer/bsbm/v01/instances/dataFromRatingSite1/Reviewer264,"Jade-Ethel","b5ec7c5cfad9faa8d41c4349e5a23f87f765fc2",http://downlode.org/rdf/iso-3166/countries#JP
http://www4.wiwiss.fu-berlin.de/bizer/bsbm/v01/instances/dataFromRatingSite1/Reviewer265,"Krysta-Raquel","7bc27158e2c83a7184316f5e6348c9d74350",http://downlode.org/rdf/iso-3166/countries#FR
http://www4.wiwiss.fu-berlin.de/bizer/bsbm/v01/instances/dataFromRatingSite1/Reviewer266,"ApMaddock-Amaanullah","f4557d48d6663956bb7ed986e36e8b83b356229a",http://downlode.org/rdf/iso-3166/countries#ES
http://www4.wiwiss.fu-berlin.de/bizer/bsbm/v01/instances/dataFromRatingSite1/Reviewer267,"Izmaragd","5cd2f8c951b0397d1b3e1a3164010202b7658f",http://downlode.org/rdf/iso-3166/countries#US
http://www4.wiwiss.fu-berlin.de/bizer/bsbm/v01/instances/dataFromRatingSite1/Reviewer300,"Tulia-Lizanne","57588487af06eb267561758215f9d7dc43972c6",http://downlode.org/rdf/iso-3166/countries#US
http://www4.wiwiss.fu-berlin.de/bizer/bsbm/v01/instances/dataFromRatingSite1/Reviewer268,"Stansie-Klenja","77388a1a8246d2d58a804d2839704bf27fe6bc8",http://downlode.org/rdf/iso-3166/countries#US
http://www4.wiwiss.fu-berlin.de/bizer/bsbm/v01/instances/dataFromRatingSite1/Reviewer301,"Koetsu-Natal","f14751c5d3c8d31fa1cb75cb761744519139e4",http://downlode.org/rdf/iso-3166/countries#US
http://www4.wiwiss.fu-berlin.de/bizer/bsbm/v01/instances/dataFromRatingSite1/Reviewer269,"Gerree-Dikana","9e2082be0e78bd6885c4ee39b13e4cdcbdac55",http://downlode.org/rdf/iso-3166/countries#US
http://www4.wiwiss.fu-berlin.de/bizer/bsbm/v01/instances/dataFromRatingSite1/Reviewer302,"Benedikta-Takamuku","6df65abef6f89685975cec1bb66d17a84beac15",http://downlode.org/rdf/iso-3166/countries#CN
http://www4.wiwiss.fu-berlin.de/bizer/bsbm/v01/instances/dataFromRatingSite1/Reviewer303,"Dakota-Dewey","3b75781c22d6b1b2dd2b5953f07977cc8a2580f5",http://downlode.org/rdf/iso-3166/countries#ES
http://www4.wiwiss.fu-berlin.de/bizer/bsbm/v01/instances/dataFromRatingSite1/Reviewer304,"Larina-Allyson","63125277f461c0726ed9da77f856cbe8193515c",http://downlode.org/rdf/iso-3166/countries#US
http://www4.wiwiss.fu-berlin.de/bizer/bsbm/v01/instances/dataFromRatingSite1/Reviewer305,"Amory-Kalisha","9ecd1d1a4fa317998bded3e60337c38f84d652e",http://downlode.org/rdf/iso-3166/countries#US
http://www4.wiwiss.fu-berlin.de/bizer/bsbm/v01/instances/dataFromRatingSite1/Reviewer306,"Saabir-Pavel","fd65c9a3f1f19e627f81231e67ede5743e76921f",http://downlode.org/rdf/iso-3166/countries#KR
http://www4.wiwiss.fu-berlin.de/bizer/bsbm/v01/instances/dataFromRatingSite1/Reviewer307,"Ashlee","25e97ef5677429844ae9ccf55a84ec79a43e5",http://downlode.org/rdf/iso-3166/countries#US
http://www4.wiwiss.fu-berlin.de/bizer/bsbm/v01/instances/dataFromRatingSite1/Reviewer308,"Agustin-Nassaar","2885d54feab26d1b3f2f962326b3d2a977c8ae9",http://downlode.org/rdf/iso-3166/countries#ES
http://www4.wiwiss.fu-berlin.de/bizer/bsbm/v01/instances/dataFromRatingSite1/Reviewer309,"Erotkritos-Gwenwynwyn","be393d13f2921814751c803480ffdda7c997783",http://downlode.org/rdf/iso-3166/countries#FR
http://www4.wiwiss.fu-berlin.de/bizer/bsbm/v01/instances/dataFromRatingSite1/Reviewer270,"Tohias-Rui","f2c9e26a75b2787bc239129e3418f1576fb862",http://downlode.org/rdf/iso-3166/countries#CN
http://www4.wiwiss.fu-berlin.de/bizer/bsbm/v01/instances/dataFromRatingSite1/Reviewer271,"Ostafia-Clifton","90a89e78d39a52657f116a57b6d4c0a28a9f3049",http://downlode.org/rdf/iso-3166/countries#US
http://www4.wiwiss.fu-berlin.de/bizer/bsbm/v01/instances/dataFromRatingSite1/Reviewer272,"Folke-Elefthera","2b618c9d7ab8bfb72c57555a08df5e76874b93",http://downlode.org/rdf/iso-3166/countries#FR
http://www4.wiwiss.fu-berlin.de/bizer/bsbm/v01/instances/dataFromRatingSite1/Reviewer273,"Amphiaraus-Vaughn","e88c9c288867a7358abe3fddd9cd2fe2cce1e1e",http://downlode.org/rdf/iso-3166/countries#JP
http://www4.wiwiss.fu-berlin.de/bizer/bsbm/v01/instances/dataFromRatingSite1/Reviewer274,"Zaitoona-Mona","b7bf9549c20ae30abf4607b4dbef472c29a96",http://downlode.org/rdf/iso-3166/countries#US
http://www4.wiwiss.fu-berlin.de/bizer/bsbm/v01/instances/dataFromRatingSite1/Reviewer275,"Aabdeen","bdfe96b0745a7411fe9b18dd795b73717126a13",http://downlode.org/rdf/iso-3166/countries#US
http://www4.wiwiss.fu-berlin.de/bizer/bsbm/v01/instances/dataFromRatingSite1/Reviewer276,"Alike-Isis","69c5c0428463cdd725a37f71b3c452b8dec38626",http://downlode.org/rdf/iso-3166/countries#CN
http://www4.wiwiss.fu-berlin.de/bizer/bsbm/v01/instances/dataFromRatingSite1/Reviewer277,"Celerina-Jubair","2130db425b641903b4bb8953ba1a4cb73f7f3",http://downlode.org/rdf/iso-3166/countries#US
http://www4.wiwiss.fu-berlin.de/bizer/bsbm/v01/instances/dataFromRatingSite1/Reviewer310,"Batrice-Theseus","1d2c272397561e9832e725b8567b62c2c2eded4",http://downlode.org/rdf/iso-3166/countries#US
http://www4.wiwiss.fu-berlin.de/bizer/bsbm/v01/instances/dataFromRatingSite1/Reviewer278,"Kalene","99a078707cc3eb86d7dbaa14ba5e4b839642a",http://downlode.org/rdf/iso-3166/countries#CN
http://www4.wiwiss.fu-berlin.de/bizer/bsbm/v01/instances/dataFromRatingSite1/Reviewer311,"Fiammetta-Phylo","359c45ffe71c5fad8ab4212a55715351544dd57a",http://downlode.org/rdf/iso-3166/countries#US
http://www4.wiwiss.fu-berlin.de/bizer/bsbm/v01/instances/dataFromRatingSite1/Reviewer279,"Nicolette-Faqueza","29c65aae52d9df12672361c072c63ca9cbf46e1",http://downlode.org/rdf/iso-3166/countries#CN
http://www4.wiwiss.fu-berlin.de/bizer/bsbm/v01/instances/dataFromRatingSite1/Reviewer312,"Rica-Elizarova","96549c22236ffc3a5e3bf52196ef159392c946",http://downlode.org/rdf/iso-3166/countries#US
http://www4.wiwiss.fu-berlin.de/bizer/bsbm/v01/instances/dataFromRatingSite1/Reviewer313,"Hulda-Brac","5f0e299272a9761134fc1e765ee11b1f22dee5",http://downlode.org/rdf/iso-3166/countries#DE
http://www4.wiwiss.fu-berlin.de/bizer/bsbm/v01/instances/dataFromRatingSite1/Reviewer314,"Gaudenz-Gopa","e6c792c6b31f4c999420448f61f48e11955bf3a",http://downlode.org/rdf/iso-3166/countries#KR
http://www4.wiwiss.fu-berlin.de/bizer/bsbm/v01/instances/dataFromRatingSite1/Reviewer315,"Eftycha-Vitenka","df63986e40e87031a05c436543e71589981324",http://downlode.org/rdf/iso-3166/countries#JP
http://www4.wiwiss.fu-berlin.de/bizer/bsbm/v01/instances/dataFromRatingSite1/Reviewer316,"Carrola","36a44cc533d3439184a5136ba41675d9adcce4c",http://downlode.org/rdf/iso-3166/countries#US
http://www4.wiwiss.fu-berlin.de/bizer/bsbm/v01/instances/dataFromRatingSite1/Reviewer317,"Dragoslawa-Hyotaru","648a188f95e8e26e2b22a11a34ed825e36c446c3",http://downlode.org/rdf/iso-3166/countries#US
http://www4.wiwiss.fu-berlin.de/bizer/bsbm/v01/instances/dataFromRatingSite1/Reviewer318,"Wattie-Camellia","6e3723e3254c33208b88e5d1eefdb1fc1445bcae",http://downlode.org/rdf/iso-3166/countries#US
http://www4.wiwiss.fu-berlin.de/bizer/bsbm/v01/instances/dataFromRatingSite1/Reviewer319,"Jesus-Alburg","8c4852fadcd9e0eeb41638a2b865e5501c1e012",http://downlode.org/rdf/iso-3166/countries#RU
http://www4.wiwiss.fu-berlin.de/bizer/bsbm/v01/instances/dataFromRatingSite1/Reviewer280,"Misao-Raheema","d26e87b1448ce8537ac7fecbd8ed5ac26af364",http://downlode.org/rdf/iso-3166/countries#JP
http://www4.wiwiss.fu-berlin.de/bizer/bsbm/v01/instances/dataFromRatingSite1/Reviewer281,"Pribyslava-Yong","a0977d41dfafe1e35ab83ef86cd9bf6d302438",http://downlode.org/rdf/iso-3166/countries#US
http://www4.wiwiss.fu-berlin.de/bizer/bsbm/v01/instances/dataFromRatingSite1/Reviewer282,"Karlene-Annunziata","783a88691a1b4775e7a5353eeb8252fb613193c",http://downlode.org/rdf/iso-3166/countries#AT
http://www4.wiwiss.fu-berlin.de/bizer/bsbm/v01/instances/dataFromRatingSite1/Reviewer283,"Yasujiro-Keshila","a6da6b26ee12bf151942022bfc053be5730f9",http://downlode.org/rdf/iso-3166/countries#US
http://www4.wiwiss.fu-berlin.de/bizer/bsbm/v01/instances/dataFromRatingSite1/Reviewer284,"Jeremy-Mikulina","68094d1112c8c47cc9ddc58d1ca3eac529932f3",http://downlode.org/rdf/iso-3166/countries#FR
http://www4.wiwiss.fu-berlin.de/bizer/bsbm/v01/instances/dataFromRatingSite1/Reviewer285,"Frodehilde-Baibichia","50ec72231e4244a5bd36449497e95a8403c2b1a",http://downlode.org/rdf/iso-3166/countries#FR
http://www4.wiwiss.fu-berlin.de/bizer/bsbm/v01/instances/dataFromRatingSite1/Reviewer286,"Cailyn-Latrisha","69cbe99511538115a41b4c8bd6ffbf740866652",http://downlode.org/rdf/iso-3166/countries#DE
http://www4.wiwiss.fu-berlin.de/bizer/bsbm/v01/instances/dataFromRatingSite1/Reviewer287,"Lilia-Wadu","b45a68ba6c70d1a6ffe2e3a19327f394f4e1be7",http://downlode.org/rdf/iso-3166/countries#US
http://www4.wiwiss.fu-berlin.de/bizer/bsbm/v01/instances/dataFromRatingSite1/Reviewer320,"Adhira","4ad013f02e277b8cb1a01b765eea774ce6cdfac",http://downlode.org/rdf/iso-3166/countries#CN
http://www4.wiwiss.fu-berlin.de/bizer/bsbm/v01/instances/dataFromRatingSite1/Reviewer288,"Nanie-Delphine","d2ee2ef542a79f79f3c4df229a5a4d90cab9f47a",http://downlode.org/rdf/iso-3166/countries#US
http://www4.wiwiss.fu-berlin.de/bizer/bsbm/v01/instances/dataFromRatingSite1/Reviewer321,"Aritomo-Elisava","a64e8f1baef3ef619a547732c889966e83908671",http://downlode.org/rdf/iso-3166/countries#CN
http://www4.wiwiss.fu-berlin.de/bizer/bsbm/v01/instances/dataFromRatingSite1/Reviewer289,"Gostenia","1d71ed5bc0e2712c98ea9dcd22655b7c339b4",http://downlode.org/rdf/iso-3166/countries#RU
http://www4.wiwiss.fu-berlin.de/bizer/bsbm/v01/instances/dataFromRatingSite1/Reviewer322,"Hedi-Rossitza","df3cc1e5955334498757b4effe175da8acb3b",http://downlode.org/rdf/iso-3166/countries#US
http://www4.wiwiss.fu-berlin.de/bizer/bsbm/v01/instances/dataFromRatingSite1/Reviewer323,"NewyddIlyn-Ivonne","c4df362e5b671c933858a44dcdb013f1eb34f929",http://downlode.org/rdf/iso-3166/countries#US
http://www4.wiwiss.fu-berlin.de/bizer/bsbm/v01/instances/dataFromRatingSite1/Reviewer324,"Luitwine-Shuko","2c98db780eb9899dd43df3b686521b7e7fdbc0",http://downlode.org/rdf/iso-3166/countries#US
http://www4.wiwiss.fu-berlin.de/bizer/bsbm/v01/instances/dataFromRatingSite1/Reviewer325,"Avaon-Vika","b5036436d8ceae25c3c7e46426971b584873c8",http://downlode.org/rdf/iso-3166/countries#KR
http://www4.wiwiss.fu-berlin.de/bizer/bsbm/v01/instances/dataFromRatingSite1/Reviewer326,"Ledell-Mayako","21eceaa5361f80c71c1c3dd2444b8c2318aa22e",http://downlode.org/rdf/iso-3166/countries#US
http://www4.wiwiss.fu-berlin.de/bizer/bsbm/v01/instances/dataFromRatingSite1/Reviewer327,"Lester-Davies","3d30a0f1aa95f64cfeae5deae784aaef5ba8259",http://downlode.org/rdf/iso-3166/countries#US
http://www4.wiwiss.fu-berlin.de/bizer/bsbm/v01/instances/dataFromRatingSite1/Reviewer328,"Kuniza-Momoko","3a13c2b4abc33b0244283a0931bfdaf4af5c6a0",http://downlode.org/rdf/iso-3166/countries#US
http://www4.wiwiss.fu-berlin.de/bizer/bsbm/v01/instances/dataFromRatingSite1/Reviewer329,"Mako-Hilderun","a34f8da8622909ca1334e5f77efdc6b7637",http://downlode.org/rdf/iso-3166/countries#US
http://www4.wiwiss.fu-berlin.de/bizer/bsbm/v01/instances/dataFromRatingSite1/Reviewer290,"Farisa-Anynnawg","6a4f69cacc789ce29918eab3ce52ee6d8f05fdf",http://downlode.org/rdf/iso-3166/countries#KR
http://www4.wiwiss.fu-berlin.de/bizer/bsbm/v01/instances/dataFromRatingSite1/Reviewer291,"Osana-Laomedon","95d99c116fcb9b53a390cbe7ea47d7ebb484154",http://downlode.org/rdf/iso-3166/countries#CN
http://www4.wiwiss.fu-berlin.de/bizer/bsbm/v01/instances/dataFromRatingSite1/Reviewer292,"Ilja-Kanita","95fd9682c12bd79b2c9499ea3f4e35c1fc8dcde",http://downlode.org/rdf/iso-3166/countries#US
http://www4.wiwiss.fu-berlin.de/bizer/bsbm/v01/instances/dataFromRatingSite1/Reviewer293,"Graud-Gaspara","5541bd30937af827a8db71489b1808e5f76e114",http://downlode.org/rdf/iso-3166/countries#JP
http://www4.wiwiss.fu-berlin.de/bizer/bsbm/v01/instances/dataFromRatingSite1/Reviewer294,"Ketzia-Rie","191227c9d68676bcaa64ea81e619877f6902c",http://downlode.org/rdf/iso-3166/countries#US
http://www4.wiwiss.fu-berlin.de/bizer/bsbm/v01/instances/dataFromRatingSite1/Reviewer295,"Jerome","49ed7a54234f6bc91de0123177e74e8a357a3d55",http://downlode.org/rdf/iso-3166/countries#US
http://www4.wiwiss.fu-berlin.de/bizer/bsbm/v01/instances/dataFromRatingSite1/Reviewer296,"Stanislov-Athalia","fb16f299f6d5f214285bf2a69f97a99657ec5ab8",http://downlode.org/rdf/iso-3166/countries#US
http://www4.wiwiss.fu-berlin.de/bizer/bsbm/v01/instances/dataFromRatingSite1/Reviewer297,"Cyr-Kageyasu","c31fbde71d3b55dcdd93da99b9752d60b79c95e",http://downlode.org/rdf/iso-3166/countries#US
http://www4.wiwiss.fu-berlin.de/bizer/bsbm/v01/instances/dataFromRatingSite1/Reviewer330,"Cassie-Dover","fd5a3bdb2e73d17dc2bee7dd94c11aaddf742eaf",http://downlode.org/rdf/iso-3166/countries#US
http://www4.wiwiss.fu-berlin.de/bizer/bsbm/v01/instances/dataFromRatingSite1/Reviewer298,"Giurgevaia-Parker","72a4831cdbf3431cc9001e23c647d973662b12",http://downlode.org/rdf/iso-3166/countries#US
http://www4.wiwiss.fu-berlin.de/bizer/bsbm/v01/instances/dataFromRatingSite1/Reviewer331,"Leveke-Wilhelmina","13d518fec766923fbb6d81ed5591cd29398185",http://downlode.org/rdf/iso-3166/countries#GB
http://www4.wiwiss.fu-berlin.de/bizer/bsbm/v01/instances/dataFromRatingSite1/Reviewer299,"Eldora-Katrischa","d56e63ea2a538256c8aabcaa5da1d6beeabff96",http://downlode.org/rdf/iso-3166/countries#US
http://www4.wiwiss.fu-berlin.de/bizer/bsbm/v01/instances/dataFromRatingSite1/Reviewer332,"Torazo-Megan","6ffcd58712d8d6d42de07cb78076d83fcfb99375",http://downlode.org/rdf/iso-3166/countries#GB
http://www4.wiwiss.fu-berlin.de/bizer/bsbm/v01/instances/dataFromRatingSite1/Reviewer333,"Lydie-Kiyoko","e0ae7018bbcd2db82caec4e1fb80436d88f73ed",http://downlode.org/rdf/iso-3166/countries#US
http://www4.wiwiss.fu-berlin.de/bizer/bsbm/v01/instances/dataFromRatingSite1/Reviewer334,"Estevao-Bea","385ae81d1bd73d5ec12d6eea898a069ae7d70d5",http://downlode.org/rdf/iso-3166/countries#US
http://www4.wiwiss.fu-berlin.de/bizer/bsbm/v01/instances/dataFromRatingSite1/Reviewer335,"Hamaama-Delores","d37bcec2657f499933f3b4dbb17517c9bcce99a",http://downlode.org/rdf/iso-3166/countries#JP
http://www4.wiwiss.fu-berlin.de/bizer/bsbm/v01/instances/dataFromRatingSite1/Reviewer336,"Cody-Gwyr","d0564846e147f257e1bbd03a85d84e4dc4dd4f",http://downlode.org/rdf/iso-3166/countries#GB
http://www4.wiwiss.fu-berlin.de/bizer/bsbm/v01/instances/dataFromRatingSite1/Reviewer337,"Afal-Lisebo","5fe4149643f62af63a3a3d86201a165335df196",http://downlode.org/rdf/iso-3166/countries#CN
http://www4.wiwiss.fu-berlin.de/bizer/bsbm/v01/instances/dataFromRatingSite1/Reviewer338,"Taka-Secoiya","e3bcf4ba7fac1549b3703594e715adf428abb98",http://downlode.org/rdf/iso-3166/countries#US
http://www4.wiwiss.fu-berlin.de/bizer/bsbm/v01/instances/dataFromRatingSite1/Reviewer339,"Liba-Harel","358e90995bd3aca3e0b67c5364cdf29dcbe8781c",http://downlode.org/rdf/iso-3166/countries#RU
http://www4.wiwiss.fu-berlin.de/bizer/bsbm/v01/instances/dataFromRatingSite1/Reviewer340,"Ray-Lilka","e79380472f0fc65c11769f92a1118d3f56c1d67",http://downlode.org/rdf/iso-3166/countries#US
http://www4.wiwiss.fu-berlin.de/bizer/bsbm/v01/instances/dataFromRatingSite1/Reviewer341,"Tameron-Perfecta","ff89be55571d03e29a085846431ae77a1eae836",http://downlode.org/rdf/iso-3166/countries#JP
http://www4.wiwiss.fu-berlin.de/bizer/bsbm/v01/instances/dataFromRatingSite1/Reviewer342,"Tandu-Augustus","cc292cfd627d7647a3316991ad7ffe8e1fe324",http://downlode.org/rdf/iso-3166/countries#US
http://www4.wiwiss.fu-berlin.de/bizer/bsbm/v01/instances/dataFromRatingSite1/Reviewer343,"Audra-Sonja","5bf82c7b2743e23c7511ddd46e5ddc3c5bbad257",http://downlode.org/rdf/iso-3166/countries#US
http://www4.wiwiss.fu-berlin.de/bizer/bsbm/v01/instances/dataFromRatingSite1/Reviewer344,"Lucinde-Burgihild","aef096543a6ef8dae27311b5691c2278e9053a6",http://downlode.org/rdf/iso-3166/countries#RU
http://www4.wiwiss.fu-berlin.de/bizer/bsbm/v01/instances/dataFromRatingSite1/Reviewer345,"Fona-Tana","21d39932e92a18f6b7f0dfeee4ec18df973465f",http://downlode.org/rdf/iso-3166/countries#US
http://www4.wiwiss.fu-berlin.de/bizer/bsbm/v01/instances/dataFromRatingSite1/Reviewer346,"Llyn-Eskil","a4262a3d9ab2177224fcfa1efa92d3165c98211",http://downlode.org/rdf/iso-3166/countries#GB
http://www4.wiwiss.fu-berlin.de/bizer/bsbm/v01/instances/dataFromRatingSite1/Reviewer347,"Shaamikh-Arianna","a9b316aa3d59374bfd7f38b42cad176799947",http://downlode.org/rdf/iso-3166/countries#US
http://www4.wiwiss.fu-berlin.de/bizer/bsbm/v01/instances/dataFromRatingSite1/Reviewer348,"Matvey-Fumiaki","5f138b5a2d5ca15423bf392e54b572b191459eb",http://downlode.org/rdf/iso-3166/countries#AT
http://www4.wiwiss.fu-berlin.de/bizer/bsbm/v01/instances/dataFromRatingSite1/Reviewer349,"Takeshi-Kajetan","16e96fa9c1d264db484d66dfcbf3eac4113ec1d",http://downlode.org/rdf/iso-3166/countries#US
http://www4.wiwiss.fu-berlin.de/bizer/bsbm/v01/instances/dataFromRatingSite1/Reviewer350,"Joanna-Reggis","7be5fce963a5a85a4391f2c51669fdcd4ea3af18",http://downlode.org/rdf/iso-3166/countries#US
http://www4.wiwiss.fu-berlin.de/bizer/bsbm/v01/instances/dataFromRatingSite1/Reviewer351,"Achlys-Lulu","ce771f93c5dfb417cf792128ce10a6143bbd69da",http://downlode.org/rdf/iso-3166/countries#US
http://www4.wiwiss.fu-berlin.de/bizer/bsbm/v01/instances/dataFromRatingSite1/Reviewer352,"Constantino-Hadrian","937b7a53d4735446b211b51c9274d7e86eabbdf7",http://downlode.org/rdf/iso-3166/countries#ES
http://www4.wiwiss.fu-berlin.de/bizer/bsbm/v01/instances/dataFromRatingSite1/Reviewer353,"Adriana-Mubarak","c54867ee3bace9d3ede93e265523a5284fe5677",http://downlode.org/rdf/iso-3166/countries#US
http://www4.wiwiss.fu-berlin.de/bizer/bsbm/v01/instances/dataFromRatingSite1/Reviewer354,"Risa-Akkios","d63eaefb25fab723efe5d314fab06377182466f",http://downlode.org/rdf/iso-3166/countries#CN
http://www4.wiwiss.fu-berlin.de/bizer/bsbm/v01/instances/dataFromRatingSite1/Reviewer355,"Liora-Shozo","c3321f7fa7622aa0845beae122d7a8d8d0317f68",http://downlode.org/rdf/iso-3166/countries#FR
http://www4.wiwiss.fu-berlin.de/bizer/bsbm/v01/instances/dataFromRatingSite1/Reviewer356,"Apikaila","fb05f48750df8ee6b0d15393a4c2eba96b77a3",http://downlode.org/rdf/iso-3166/countries#US
http://www4.wiwiss.fu-berlin.de/bizer/bsbm/v01/instances/dataFromRatingSite1/Reviewer357,"Ryan-Merlyn","c011153efaf7d25fc0c463cdd3f5ca741a7e455",http://downlode.org/rdf/iso-3166/countries#CN
http://www4.wiwiss.fu-berlin.de/bizer/bsbm/v01/instances/dataFromRatingSite1/Reviewer358,"Amana","ddd32fbb9e3747c02d427e95fe451c9f67aaf099",http://downlode.org/rdf/iso-3166/countries#GB
http://www4.wiwiss.fu-berlin.de/bizer/bsbm/v01/instances/dataFromRatingSite1/Reviewer359,"Tansho-Alonsa","8bc77942dac15c2585cd5bfd5bb9b3f3b105552",http://downlode.org/rdf/iso-3166/countries#JP
http://www4.wiwiss.fu-berlin.de/bizer/bsbm/v01/instances/dataFromRatingSite1/Reviewer360,"Amana-Josep","a0954c808411efb6f89783e54ba4b18feeec77a6",http://downlode.org/rdf/iso-3166/countries#US
http://www4.wiwiss.fu-berlin.de/bizer/bsbm/v01/instances/dataFromRatingSite1/Reviewer361,"Guy-Yasuyuki","3da1d901c97d37f40e78234e2b722fc5ac92fef",http://downlode.org/rdf/iso-3166/countries#US
http://www4.wiwiss.fu-berlin.de/bizer/bsbm/v01/instances/dataFromRatingSite1/Reviewer362,"Paolo","35688bd2d47f28d49750f4b29f16886a1f6033",http://downlode.org/rdf/iso-3166/countries#DE
http://www4.wiwiss.fu-berlin.de/bizer/bsbm/v01/instances/dataFromRatingSite1/Reviewer363,"Virgilio-Amir","713a4604fe323d4bb131444793a08c8f2b4e74",http://downlode.org/rdf/iso-3166/countries#US
http://www4.wiwiss.fu-berlin.de/bizer/bsbm/v01/instances/dataFromRatingSite1/Reviewer364,"Karline-Eugenius","7310e79a6ad257273ffae15e499ec48ee3e7d6e",http://downlode.org/rdf/iso-3166/countries#US
http://www4.wiwiss.fu-berlin.de/bizer/bsbm/v01/instances/dataFromRatingSite1/Reviewer365,"Yoriko-Stopolcha","17de37e46b29ae4ee7becaf480828362b3daf54",http://downlode.org/rdf/iso-3166/countries#US
http://www4.wiwiss.fu-berlin.de/bizer/bsbm/v01/instances/dataFromRatingSite1/Reviewer366,"Calandra-Omelfa","6e9a3d4331b079e483fd7f354f630558e58de",http://downlode.org/rdf/iso-3166/countries#US
http://www4.wiwiss.fu-berlin.de/bizer/bsbm/v01/instances/dataFromRatingSite1/Reviewer367,"Aedd-Gayle","25dd4ed7b54ee6f329abacb64dbffce8348e5f56",http://downlode.org/rdf/iso-3166/countries#US
http://www4.wiwiss.fu-berlin.de/bizer/bsbm/v01/instances/dataFromRatingSite1/Reviewer400,"Geraint-Terumoto","dcc56b21f6791e30983763f632cb5d814c63ed",http://downlode.org/rdf/iso-3166/countries#GB
http://www4.wiwiss.fu-berlin.de/bizer/bsbm/v01/instances/dataFromRatingSite1/Reviewer368,"Induja-Kazushi","1fc4cbfbd1f855383e45ba46c8c9b804ef5833f",http://downlode.org/rdf/iso-3166/countries#US
http://www4.wiwiss.fu-berlin.de/bizer/bsbm/v01/instances/dataFromRatingSite1/Reviewer401,"Mariana-Rodney","fbf6cc857f37712b75793b6fdfcebf43c3ea472",http://downlode.org/rdf/iso-3166/countries#JP
http://www4.wiwiss.fu-berlin.de/bizer/bsbm/v01/instances/dataFromRatingSite1/Reviewer369,"Florinio-Javiero","64255f25d752f4dabb9433da823b7f1e7dcb591",http://downlode.org/rdf/iso-3166/countries#US
http://www4.wiwiss.fu-berlin.de/bizer/bsbm/v01/instances/dataFromRatingSite1/Reviewer402,"Cristine-Ericka","f3fad7a32fe259883a946c1a813e098b91e87c7",http://downlode.org/rdf/iso-3166/countries#AT
http://www4.wiwiss.fu-berlin.de/bizer/bsbm/v01/instances/dataFromRatingSite1/Reviewer403,"Shelly-Irune","2d9c7252ed2a7a9fbd166a9b77b640cc416e9eb",http://downlode.org/rdf/iso-3166/countries#JP
http://www4.wiwiss.fu-berlin.de/bizer/bsbm/v01/instances/dataFromRatingSite1/Reviewer404,"Mathew-Tyricha","181e99ae0b338ca39b4ff7a5db8d7ebf9b4f67",http://downlode.org/rdf/iso-3166/countries#RU
http://www4.wiwiss.fu-berlin.de/bizer/bsbm/v01/instances/dataFromRatingSite1/Reviewer405,"Fokina-Gerlind","e5c65d72a937b4d567d90d1b2a8e6edcccb7c0",http://downlode.org/rdf/iso-3166/countries#US
http://www4.wiwiss.fu-berlin.de/bizer/bsbm/v01/instances/dataFromRatingSite1/Reviewer406,"Aldonza-Kittiana","a43667e50f52d74e32aa08dff7da74c4868824",http://downlode.org/rdf/iso-3166/countries#CN
http://www4.wiwiss.fu-berlin.de/bizer/bsbm/v01/instances/dataFromRatingSite1/Reviewer407,"Marek-Lowell","8d6d887376a1cf314c4994d92dc15586979da225",http://downlode.org/rdf/iso-3166/countries#GB
http://www4.wiwiss.fu-berlin.de/bizer/bsbm/v01/instances/dataFromRatingSite1/Reviewer408,"Bakul-Haseena","70f6bbc4eed72db7fc2c19d2dabc1eb668cc9d57",http://downlode.org/rdf/iso-3166/countries#US
http://www4.wiwiss.fu-berlin.de/bizer/bsbm/v01/instances/dataFromRatingSite1/Reviewer409,"Abigayle-Chad","467a61bd2edd614adcdb777fc83a7f44d34936",http://downlode.org/rdf/iso-3166/countries#US
http://www4.wiwiss.fu-berlin.de/bizer/bsbm/v01/instances/dataFromRatingSite1/Reviewer370,"Alopa-Mascha","f92e7254a2d3339ac3eadb4e64d38b02c8c9dea",http://downlode.org/rdf/iso-3166/countries#JP
http://www4.wiwiss.fu-berlin.de/bizer/bsbm/v01/instances/dataFromRatingSite1/Reviewer371,"Rinaldo-Lizabeta","6fc7f736fb2642b78b3d2664f60ddac48b6e5",http://downlode.org/rdf/iso-3166/countries#KR
http://www4.wiwiss.fu-berlin.de/bizer/bsbm/v01/instances/dataFromRatingSite1/Reviewer372,"Jenny-Lyubochka","9e9e29a5b6a3ca71ef2a3dff19b7fc36e63b3f",http://downlode.org/rdf/iso-3166/countries#US
http://www4.wiwiss.fu-berlin.de/bizer/bsbm/v01/instances/dataFromRatingSite1/Reviewer373,"Masakado","7e96319f6dc172cacbc8bb3d6029851b1dde65",http://downlode.org/rdf/iso-3166/countries#US
http://www4.wiwiss.fu-berlin.de/bizer/bsbm/v01/instances/dataFromRatingSite1/Reviewer374,"Guchol-Eilika","5f38599145e251f21c8111469e8c690c4cdd7",http://downlode.org/rdf/iso-3166/countries#US
http://www4.wiwiss.fu-berlin.de/bizer/bsbm/v01/instances/dataFromRatingSite1/Reviewer375,"Avimelech-Bhuvana","fa92c282cdeaa67cdd6186279cbd9aa827644eee",http://downlode.org/rdf/iso-3166/countries#US
http://www4.wiwiss.fu-berlin.de/bizer/bsbm/v01/instances/dataFromRatingSite1/Reviewer376,"Dilie","1764f5d42903adee235ddf3fc2a5333ef4971",http://downlode.org/rdf/iso-3166/countries#FR
http://www4.wiwiss.fu-berlin.de/bizer/bsbm/v01/instances/dataFromRatingSite1/Reviewer377,"Tremain-Elisava","cceb84a2bfb3443ae0aed03ff3c64f1ee570f51",http://downlode.org/rdf/iso-3166/countries#AT
http://www4.wiwiss.fu-berlin.de/bizer/bsbm/v01/instances/dataFromRatingSite1/Reviewer410,"Ludgar-Raihaan","475a858294d13cb416caf9f67d92156895fa560",http://downlode.org/rdf/iso-3166/countries#JP
http://www4.wiwiss.fu-berlin.de/bizer/bsbm/v01/instances/dataFromRatingSite1/Reviewer378,"Sameera-Honey","3452d4f2a52088cbf446ecc47296686de5a1698f",http://downlode.org/rdf/iso-3166/countries#US
http://www4.wiwiss.fu-berlin.de/bizer/bsbm/v01/instances/dataFromRatingSite1/Reviewer411,"Georg-Kasey","667e6175c8f3752fd451ffcc1319debaf2bf3b5",http://downlode.org/rdf/iso-3166/countries#CN
http://www4.wiwiss.fu-berlin.de/bizer/bsbm/v01/instances/dataFromRatingSite1/Reviewer379,"Ieshige-Oka","baf7845c91e65c687e3ada1e4a1f3960d4274fc3",http://downlode.org/rdf/iso-3166/countries#US
http://www4.wiwiss.fu-berlin.de/bizer/bsbm/v01/instances/dataFromRatingSite1/Reviewer412,"Waldo-Iziaslava","4fc08f9c022781b6b64b275d0759868cf373a4",http://downlode.org/rdf/iso-3166/countries#GB
http://www4.wiwiss.fu-berlin.de/bizer/bsbm/v01/instances/dataFromRatingSite1/Reviewer413,"Effi-Nashawn","af35c183c19bd7c4ad749d303189a2c2e2349ec",http://downlode.org/rdf/iso-3166/countries#US
http://www4.wiwiss.fu-berlin.de/bizer/bsbm/v01/instances/dataFromRatingSite1/Reviewer414,"Rubaina-Bernadett","79ff36a35f68cada5455fdc88612dbf2f81e9547",http://downlode.org/rdf/iso-3166/countries#US
http://www4.wiwiss.fu-berlin.de/bizer/bsbm/v01/instances/dataFromRatingSite1/Reviewer415,"Marquez-Tiara","969e24a3e55787d9b6e4ee46a7ed14c1fb7ab90",http://downlode.org/rdf/iso-3166/countries#CN
http://www4.wiwiss.fu-berlin.de/bizer/bsbm/v01/instances/dataFromRatingSite1/Reviewer416,"Raimundo-Umeko","64e6a4ffe0c34287db9337f6ae5fddc43bb78b8a",http://downlode.org/rdf/iso-3166/countries#ES
http://www4.wiwiss.fu-berlin.de/bizer/bsbm/v01/instances/dataFromRatingSite1/Reviewer417,"Ape-Cath","87bd5ae1f4ee7ed6b4f748a8dccebd8fad84e8d3",http://downlode.org/rdf/iso-3166/countries#US
http://www4.wiwiss.fu-berlin.de/bizer/bsbm/v01/instances/dataFromRatingSite1/Reviewer418,"Kandaza-Chellise","43f3226cc5898f899339c745dd1756de3991d",http://downlode.org/rdf/iso-3166/countries#ES
http://www4.wiwiss.fu-berlin.de/bizer/bsbm/v01/instances/dataFromRatingSite1/Reviewer419,"Severina-Jawhara","baa38ab7d6a74554a7eeb5e8ae7ce24e5d6c334",http://downlode.org/rdf/iso-3166/countries#FR
